cppo_index,candidate_indices,num_candidates
0,"[0, 1, 5, 6, 7, 8, 9, 12, 13, 17, 19, 21, 22, 26, 30, 31, 32, 34, 35, 36, 39, 40, 41, 42, 43, 45, 46, 47, 49, 53, 54, 60, 62, 63, 65, 66, 68, 71, 72, 74, 77, 79, 80, 82, 83, 84, 86, 88, 89, 91, 92, 95, 96, 97, 99, 100, 101, 102, 104, 106, 107, 108, 109, 110, 114, 115, 116, 120, 123, 125, 126, 131, 133, 135, 136, 137, 138, 139, 143, 144, 145, 147, 151, 152, 159, 160, 161, 162, 163, 164, 165, 166, 167, 171, 173, 175, 178, 179, 180, 182, 183, 190, 193, 194, 195, 196, 198, 199, 201, 203, 204, 205, 207, 208, 209, 212, 213, 214, 218, 221, 222, 224, 225, 226, 229, 230, 231, 232, 233, 234, 237, 238, 239, 241, 242, 243, 245, 247, 249, 256, 257, 258, 259, 263, 266, 268, 270, 272, 275, 293, 294, 295, 297, 300, 305, 307, 308, 309, 310, 311, 313, 314, 315, 317, 318, 322, 323, 325, 326, 328, 329, 330, 331, 332, 334, 338]",176
1,"[0, 1, 5, 6, 7, 8, 9, 12, 13, 17, 19, 21, 22, 26, 30, 31, 32, 34, 35, 36, 39, 40, 41, 42, 43, 45, 46, 47, 49, 53, 54, 60, 62, 63, 65, 66, 68, 71, 72, 74, 77, 79, 80, 82, 83, 84, 86, 88, 89, 91, 92, 95, 96, 97, 99, 100, 101, 102, 104, 106, 107, 108, 109, 110, 114, 115, 116, 120, 123, 125, 126, 131, 133, 135, 136, 137, 138, 139, 143, 144, 145, 147, 151, 152, 159, 160, 161, 162, 163, 164, 165, 166, 167, 171, 173, 175, 178, 179, 180, 182, 183, 190, 193, 194, 195, 196, 198, 199, 201, 203, 204, 205, 207, 208, 209, 212, 213, 214, 218, 221, 222, 224, 225, 226, 229, 230, 231, 232, 233, 234, 237, 238, 239, 241, 242, 243, 245, 247, 249, 256, 257, 258, 259, 263, 266, 268, 270, 272, 275, 293, 294, 295, 297, 300, 305, 307, 308, 309, 310, 311, 313, 314, 315, 317, 318, 322, 323, 325, 326, 328, 329, 330, 331, 332, 334, 338]",176
2,"[2, 3, 4, 10, 11, 14, 15, 16, 18, 20, 23, 24, 25, 27, 28, 29, 33, 37, 38, 44, 48, 50, 51, 52, 55, 56, 57, 58, 59, 61, 64, 67, 69, 70, 73, 75, 76, 78, 81, 85, 87, 90, 93, 94, 98, 103, 105, 111, 112, 113, 117, 118, 119, 121, 122, 124, 127, 128, 129, 130, 132, 134, 140, 141, 142, 146, 148, 149, 150, 153, 154, 155, 156, 157, 158, 168, 169, 170, 172, 174, 176, 177, 181, 184, 185, 186, 187, 188, 189, 191, 192, 197, 200, 202, 206, 210, 211, 215, 216, 217, 219, 220, 223, 227, 228, 235, 236, 240, 244, 246, 248, 250, 251, 252, 253, 254, 255, 260, 261, 262, 264, 265, 267, 269, 271, 273, 274, 276, 277, 278, 279, 280, 281, 282, 283, 284, 285, 286, 287, 288, 289, 290, 291, 292, 296, 298, 299, 301, 302, 303, 304, 306, 312, 316, 319, 320, 321, 324, 327, 333, 335, 336, 337]",163
3,"[2, 3, 4, 10, 11, 14, 15, 16, 18, 20, 23, 24, 25, 27, 28, 29, 33, 37, 38, 44, 48, 50, 51, 52, 55, 56, 57, 58, 59, 61, 64, 67, 69, 70, 73, 75, 76, 78, 81, 85, 87, 90, 93, 94, 98, 103, 105, 111, 112, 113, 117, 118, 119, 121, 122, 124, 127, 128, 129, 130, 132, 134, 140, 141, 142, 146, 148, 149, 150, 153, 154, 155, 156, 157, 158, 168, 169, 170, 172, 174, 176, 177, 181, 184, 185, 186, 187, 188, 189, 191, 192, 197, 200, 202, 206, 210, 211, 215, 216, 217, 219, 220, 223, 227, 228, 235, 236, 240, 244, 246, 248, 250, 251, 252, 253, 254, 255, 260, 261, 262, 264, 265, 267, 269, 271, 273, 274, 276, 277, 278, 279, 280, 281, 282, 283, 284, 285, 286, 287, 288, 289, 290, 291, 292, 296, 298, 299, 301, 302, 303, 304, 306, 312, 316, 319, 320, 321, 324, 327, 333, 335, 336, 337]",163
4,"[2, 3, 4, 10, 11, 14, 15, 16, 18, 20, 23, 24, 25, 27, 28, 29, 33, 37, 38, 44, 48, 50, 51, 52, 55, 56, 57, 58, 59, 61, 64, 67, 69, 70, 73, 75, 76, 78, 81, 85, 87, 90, 93, 94, 98, 103, 105, 111, 112, 113, 117, 118, 119, 121, 122, 124, 127, 128, 129, 130, 132, 134, 140, 141, 142, 146, 148, 149, 150, 153, 154, 155, 156, 157, 158, 168, 169, 170, 172, 174, 176, 177, 181, 184, 185, 186, 187, 188, 189, 191, 192, 197, 200, 202, 206, 210, 211, 215, 216, 217, 219, 220, 223, 227, 228, 235, 236, 240, 244, 246, 248, 250, 251, 252, 253, 254, 255, 260, 261, 262, 264, 265, 267, 269, 271, 273, 274, 276, 277, 278, 279, 280, 281, 282, 283, 284, 285, 286, 287, 288, 289, 290, 291, 292, 296, 298, 299, 301, 302, 303, 304, 306, 312, 316, 319, 320, 321, 324, 327, 333, 335, 336, 337]",163
5,"[0, 1, 5, 6, 7, 8, 9, 12, 13, 17, 19, 21, 22, 26, 30, 31, 32, 34, 35, 36, 39, 40, 41, 42, 43, 45, 46, 47, 49, 53, 54, 60, 62, 63, 65, 66, 68, 71, 72, 74, 77, 79, 80, 82, 83, 84, 86, 88, 89, 91, 92, 95, 96, 97, 99, 100, 101, 102, 104, 106, 107, 108, 109, 110, 114, 115, 116, 120, 123, 125, 126, 131, 133, 135, 136, 137, 138, 139, 143, 144, 145, 147, 151, 152, 159, 160, 161, 162, 163, 164, 165, 166, 167, 171, 173, 175, 178, 179, 180, 182, 183, 190, 193, 194, 195, 196, 198, 199, 201, 203, 204, 205, 207, 208, 209, 212, 213, 214, 218, 221, 222, 224, 225, 226, 229, 230, 231, 232, 233, 234, 237, 238, 239, 241, 242, 243, 245, 247, 249, 256, 257, 258, 259, 263, 266, 268, 270, 272, 275, 293, 294, 295, 297, 300, 305, 307, 308, 309, 310, 311, 313, 314, 315, 317, 318, 322, 323, 325, 326, 328, 329, 330, 331, 332, 334, 338]",176
6,"[0, 1, 5, 6, 7, 8, 9, 12, 13, 17, 19, 21, 22, 26, 30, 31, 32, 34, 35, 36, 39, 40, 41, 42, 43, 45, 46, 47, 49, 53, 54, 60, 62, 63, 65, 66, 68, 71, 72, 74, 77, 79, 80, 82, 83, 84, 86, 88, 89, 91, 92, 95, 96, 97, 99, 100, 101, 102, 104, 106, 107, 108, 109, 110, 114, 115, 116, 120, 123, 125, 126, 131, 133, 135, 136, 137, 138, 139, 143, 144, 145, 147, 151, 152, 159, 160, 161, 162, 163, 164, 165, 166, 167, 171, 173, 175, 178, 179, 180, 182, 183, 190, 193, 194, 195, 196, 198, 199, 201, 203, 204, 205, 207, 208, 209, 212, 213, 214, 218, 221, 222, 224, 225, 226, 229, 230, 231, 232, 233, 234, 237, 238, 239, 241, 242, 243, 245, 247, 249, 256, 257, 258, 259, 263, 266, 268, 270, 272, 275, 293, 294, 295, 297, 300, 305, 307, 308, 309, 310, 311, 313, 314, 315, 317, 318, 322, 323, 325, 326, 328, 329, 330, 331, 332, 334, 338]",176
7,"[0, 1, 5, 6, 7, 8, 9, 12, 13, 17, 19, 21, 22, 26, 30, 31, 32, 34, 35, 36, 39, 40, 41, 42, 43, 45, 46, 47, 49, 53, 54, 60, 62, 63, 65, 66, 68, 71, 72, 74, 77, 79, 80, 82, 83, 84, 86, 88, 89, 91, 92, 95, 96, 97, 99, 100, 101, 102, 104, 106, 107, 108, 109, 110, 114, 115, 116, 120, 123, 125, 126, 131, 133, 135, 136, 137, 138, 139, 143, 144, 145, 147, 151, 152, 159, 160, 161, 162, 163, 164, 165, 166, 167, 171, 173, 175, 178, 179, 180, 182, 183, 190, 193, 194, 195, 196, 198, 199, 201, 203, 204, 205, 207, 208, 209, 212, 213, 214, 218, 221, 222, 224, 225, 226, 229, 230, 231, 232, 233, 234, 237, 238, 239, 241, 242, 243, 245, 247, 249, 256, 257, 258, 259, 263, 266, 268, 270, 272, 275, 293, 294, 295, 297, 300, 305, 307, 308, 309, 310, 311, 313, 314, 315, 317, 318, 322, 323, 325, 326, 328, 329, 330, 331, 332, 334, 338]",176
8,"[0, 1, 5, 6, 7, 8, 9, 12, 13, 17, 19, 21, 22, 26, 30, 31, 32, 34, 35, 36, 39, 40, 41, 42, 43, 45, 46, 47, 49, 53, 54, 60, 62, 63, 65, 66, 68, 71, 72, 74, 77, 79, 80, 82, 83, 84, 86, 88, 89, 91, 92, 95, 96, 97, 99, 100, 101, 102, 104, 106, 107, 108, 109, 110, 114, 115, 116, 120, 123, 125, 126, 131, 133, 135, 136, 137, 138, 139, 143, 144, 145, 147, 151, 152, 159, 160, 161, 162, 163, 164, 165, 166, 167, 171, 173, 175, 178, 179, 180, 182, 183, 190, 193, 194, 195, 196, 198, 199, 201, 203, 204, 205, 207, 208, 209, 212, 213, 214, 218, 221, 222, 224, 225, 226, 229, 230, 231, 232, 233, 234, 237, 238, 239, 241, 242, 243, 245, 247, 249, 256, 257, 258, 259, 263, 266, 268, 270, 272, 275, 293, 294, 295, 297, 300, 305, 307, 308, 309, 310, 311, 313, 314, 315, 317, 318, 322, 323, 325, 326, 328, 329, 330, 331, 332, 334, 338]",176
9,"[0, 1, 5, 6, 7, 8, 9, 12, 13, 17, 19, 21, 22, 26, 30, 31, 32, 34, 35, 36, 39, 40, 41, 42, 43, 45, 46, 47, 49, 53, 54, 60, 62, 63, 65, 66, 68, 71, 72, 74, 77, 79, 80, 82, 83, 84, 86, 88, 89, 91, 92, 95, 96, 97, 99, 100, 101, 102, 104, 106, 107, 108, 109, 110, 114, 115, 116, 120, 123, 125, 126, 131, 133, 135, 136, 137, 138, 139, 143, 144, 145, 147, 151, 152, 159, 160, 161, 162, 163, 164, 165, 166, 167, 171, 173, 175, 178, 179, 180, 182, 183, 190, 193, 194, 195, 196, 198, 199, 201, 203, 204, 205, 207, 208, 209, 212, 213, 214, 218, 221, 222, 224, 225, 226, 229, 230, 231, 232, 233, 234, 237, 238, 239, 241, 242, 243, 245, 247, 249, 256, 257, 258, 259, 263, 266, 268, 270, 272, 275, 293, 294, 295, 297, 300, 305, 307, 308, 309, 310, 311, 313, 314, 315, 317, 318, 322, 323, 325, 326, 328, 329, 330, 331, 332, 334, 338]",176
10,"[2, 3, 4, 10, 11, 14, 15, 16, 18, 20, 23, 24, 25, 27, 28, 29, 33, 37, 38, 44, 48, 50, 51, 52, 55, 56, 57, 58, 59, 61, 64, 67, 69, 70, 73, 75, 76, 78, 81, 85, 87, 90, 93, 94, 98, 103, 105, 111, 112, 113, 117, 118, 119, 121, 122, 124, 127, 128, 129, 130, 132, 134, 140, 141, 142, 146, 148, 149, 150, 153, 154, 155, 156, 157, 158, 168, 169, 170, 172, 174, 176, 177, 181, 184, 185, 186, 187, 188, 189, 191, 192, 197, 200, 202, 206, 210, 211, 215, 216, 217, 219, 220, 223, 227, 228, 235, 236, 240, 244, 246, 248, 250, 251, 252, 253, 254, 255, 260, 261, 262, 264, 265, 267, 269, 271, 273, 274, 276, 277, 278, 279, 280, 281, 282, 283, 284, 285, 286, 287, 288, 289, 290, 291, 292, 296, 298, 299, 301, 302, 303, 304, 306, 312, 316, 319, 320, 321, 324, 327, 333, 335, 336, 337]",163
11,"[2, 3, 4, 10, 11, 14, 15, 16, 18, 20, 23, 24, 25, 27, 28, 29, 33, 37, 38, 44, 48, 50, 51, 52, 55, 56, 57, 58, 59, 61, 64, 67, 69, 70, 73, 75, 76, 78, 81, 85, 87, 90, 93, 94, 98, 103, 105, 111, 112, 113, 117, 118, 119, 121, 122, 124, 127, 128, 129, 130, 132, 134, 140, 141, 142, 146, 148, 149, 150, 153, 154, 155, 156, 157, 158, 168, 169, 170, 172, 174, 176, 177, 181, 184, 185, 186, 187, 188, 189, 191, 192, 197, 200, 202, 206, 210, 211, 215, 216, 217, 219, 220, 223, 227, 228, 235, 236, 240, 244, 246, 248, 250, 251, 252, 253, 254, 255, 260, 261, 262, 264, 265, 267, 269, 271, 273, 274, 276, 277, 278, 279, 280, 281, 282, 283, 284, 285, 286, 287, 288, 289, 290, 291, 292, 296, 298, 299, 301, 302, 303, 304, 306, 312, 316, 319, 320, 321, 324, 327, 333, 335, 336, 337]",163
12,"[0, 1, 5, 6, 7, 8, 9, 12, 13, 17, 19, 21, 22, 26, 30, 31, 32, 34, 35, 36, 39, 40, 41, 42, 43, 45, 46, 47, 49, 53, 54, 60, 62, 63, 65, 66, 68, 71, 72, 74, 77, 79, 80, 82, 83, 84, 86, 88, 89, 91, 92, 95, 96, 97, 99, 100, 101, 102, 104, 106, 107, 108, 109, 110, 114, 115, 116, 120, 123, 125, 126, 131, 133, 135, 136, 137, 138, 139, 143, 144, 145, 147, 151, 152, 159, 160, 161, 162, 163, 164, 165, 166, 167, 171, 173, 175, 178, 179, 180, 182, 183, 190, 193, 194, 195, 196, 198, 199, 201, 203, 204, 205, 207, 208, 209, 212, 213, 214, 218, 221, 222, 224, 225, 226, 229, 230, 231, 232, 233, 234, 237, 238, 239, 241, 242, 243, 245, 247, 249, 256, 257, 258, 259, 263, 266, 268, 270, 272, 275, 293, 294, 295, 297, 300, 305, 307, 308, 309, 310, 311, 313, 314, 315, 317, 318, 322, 323, 325, 326, 328, 329, 330, 331, 332, 334, 338]",176
13,"[0, 1, 5, 6, 7, 8, 9, 12, 13, 17, 19, 21, 22, 26, 30, 31, 32, 34, 35, 36, 39, 40, 41, 42, 43, 45, 46, 47, 49, 53, 54, 60, 62, 63, 65, 66, 68, 71, 72, 74, 77, 79, 80, 82, 83, 84, 86, 88, 89, 91, 92, 95, 96, 97, 99, 100, 101, 102, 104, 106, 107, 108, 109, 110, 114, 115, 116, 120, 123, 125, 126, 131, 133, 135, 136, 137, 138, 139, 143, 144, 145, 147, 151, 152, 159, 160, 161, 162, 163, 164, 165, 166, 167, 171, 173, 175, 178, 179, 180, 182, 183, 190, 193, 194, 195, 196, 198, 199, 201, 203, 204, 205, 207, 208, 209, 212, 213, 214, 218, 221, 222, 224, 225, 226, 229, 230, 231, 232, 233, 234, 237, 238, 239, 241, 242, 243, 245, 247, 249, 256, 257, 258, 259, 263, 266, 268, 270, 272, 275, 293, 294, 295, 297, 300, 305, 307, 308, 309, 310, 311, 313, 314, 315, 317, 318, 322, 323, 325, 326, 328, 329, 330, 331, 332, 334, 338]",176
14,"[2, 3, 4, 10, 11, 14, 15, 16, 18, 20, 23, 24, 25, 27, 28, 29, 33, 37, 38, 44, 48, 50, 51, 52, 55, 56, 57, 58, 59, 61, 64, 67, 69, 70, 73, 75, 76, 78, 81, 85, 87, 90, 93, 94, 98, 103, 105, 111, 112, 113, 117, 118, 119, 121, 122, 124, 127, 128, 129, 130, 132, 134, 140, 141, 142, 146, 148, 149, 150, 153, 154, 155, 156, 157, 158, 168, 169, 170, 172, 174, 176, 177, 181, 184, 185, 186, 187, 188, 189, 191, 192, 197, 200, 202, 206, 210, 211, 215, 216, 217, 219, 220, 223, 227, 228, 235, 236, 240, 244, 246, 248, 250, 251, 252, 253, 254, 255, 260, 261, 262, 264, 265, 267, 269, 271, 273, 274, 276, 277, 278, 279, 280, 281, 282, 283, 284, 285, 286, 287, 288, 289, 290, 291, 292, 296, 298, 299, 301, 302, 303, 304, 306, 312, 316, 319, 320, 321, 324, 327, 333, 335, 336, 337]",163
15,"[2, 3, 4, 10, 11, 14, 15, 16, 18, 20, 23, 24, 25, 27, 28, 29, 33, 37, 38, 44, 48, 50, 51, 52, 55, 56, 57, 58, 59, 61, 64, 67, 69, 70, 73, 75, 76, 78, 81, 85, 87, 90, 93, 94, 98, 103, 105, 111, 112, 113, 117, 118, 119, 121, 122, 124, 127, 128, 129, 130, 132, 134, 140, 141, 142, 146, 148, 149, 150, 153, 154, 155, 156, 157, 158, 168, 169, 170, 172, 174, 176, 177, 181, 184, 185, 186, 187, 188, 189, 191, 192, 197, 200, 202, 206, 210, 211, 215, 216, 217, 219, 220, 223, 227, 228, 235, 236, 240, 244, 246, 248, 250, 251, 252, 253, 254, 255, 260, 261, 262, 264, 265, 267, 269, 271, 273, 274, 276, 277, 278, 279, 280, 281, 282, 283, 284, 285, 286, 287, 288, 289, 290, 291, 292, 296, 298, 299, 301, 302, 303, 304, 306, 312, 316, 319, 320, 321, 324, 327, 333, 335, 336, 337]",163
16,"[2, 3, 4, 10, 11, 14, 15, 16, 18, 20, 23, 24, 25, 27, 28, 29, 33, 37, 38, 44, 48, 50, 51, 52, 55, 56, 57, 58, 59, 61, 64, 67, 69, 70, 73, 75, 76, 78, 81, 85, 87, 90, 93, 94, 98, 103, 105, 111, 112, 113, 117, 118, 119, 121, 122, 124, 127, 128, 129, 130, 132, 134, 140, 141, 142, 146, 148, 149, 150, 153, 154, 155, 156, 157, 158, 168, 169, 170, 172, 174, 176, 177, 181, 184, 185, 186, 187, 188, 189, 191, 192, 197, 200, 202, 206, 210, 211, 215, 216, 217, 219, 220, 223, 227, 228, 235, 236, 240, 244, 246, 248, 250, 251, 252, 253, 254, 255, 260, 261, 262, 264, 265, 267, 269, 271, 273, 274, 276, 277, 278, 279, 280, 281, 282, 283, 284, 285, 286, 287, 288, 289, 290, 291, 292, 296, 298, 299, 301, 302, 303, 304, 306, 312, 316, 319, 320, 321, 324, 327, 333, 335, 336, 337]",163
17,"[0, 1, 5, 6, 7, 8, 9, 12, 13, 17, 19, 21, 22, 26, 30, 31, 32, 34, 35, 36, 39, 40, 41, 42, 43, 45, 46, 47, 49, 53, 54, 60, 62, 63, 65, 66, 68, 71, 72, 74, 77, 79, 80, 82, 83, 84, 86, 88, 89, 91, 92, 95, 96, 97, 99, 100, 101, 102, 104, 106, 107, 108, 109, 110, 114, 115, 116, 120, 123, 125, 126, 131, 133, 135, 136, 137, 138, 139, 143, 144, 145, 147, 151, 152, 159, 160, 161, 162, 163, 164, 165, 166, 167, 171, 173, 175, 178, 179, 180, 182, 183, 190, 193, 194, 195, 196, 198, 199, 201, 203, 204, 205, 207, 208, 209, 212, 213, 214, 218, 221, 222, 224, 225, 226, 229, 230, 231, 232, 233, 234, 237, 238, 239, 241, 242, 243, 245, 247, 249, 256, 257, 258, 259, 263, 266, 268, 270, 272, 275, 293, 294, 295, 297, 300, 305, 307, 308, 309, 310, 311, 313, 314, 315, 317, 318, 322, 323, 325, 326, 328, 329, 330, 331, 332, 334, 338]",176
18,"[2, 3, 4, 10, 11, 14, 15, 16, 18, 20, 23, 24, 25, 27, 28, 29, 33, 37, 38, 44, 48, 50, 51, 52, 55, 56, 57, 58, 59, 61, 64, 67, 69, 70, 73, 75, 76, 78, 81, 85, 87, 90, 93, 94, 98, 103, 105, 111, 112, 113, 117, 118, 119, 121, 122, 124, 127, 128, 129, 130, 132, 134, 140, 141, 142, 146, 148, 149, 150, 153, 154, 155, 156, 157, 158, 168, 169, 170, 172, 174, 176, 177, 181, 184, 185, 186, 187, 188, 189, 191, 192, 197, 200, 202, 206, 210, 211, 215, 216, 217, 219, 220, 223, 227, 228, 235, 236, 240, 244, 246, 248, 250, 251, 252, 253, 254, 255, 260, 261, 262, 264, 265, 267, 269, 271, 273, 274, 276, 277, 278, 279, 280, 281, 282, 283, 284, 285, 286, 287, 288, 289, 290, 291, 292, 296, 298, 299, 301, 302, 303, 304, 306, 312, 316, 319, 320, 321, 324, 327, 333, 335, 336, 337]",163
19,"[2, 3, 4, 10, 11, 14, 15, 16, 18, 20, 23, 24, 25, 27, 28, 29, 33, 37, 38, 44, 48, 50, 51, 52, 55, 56, 57, 58, 59, 61, 64, 67, 69, 70, 73, 75, 76, 78, 81, 85, 87, 90, 93, 94, 98, 103, 105, 111, 112, 113, 117, 118, 119, 121, 122, 124, 127, 128, 129, 130, 132, 134, 140, 141, 142, 146, 148, 149, 150, 153, 154, 155, 156, 157, 158, 168, 169, 170, 172, 174, 176, 177, 181, 184, 185, 186, 187, 188, 189, 191, 192, 197, 200, 202, 206, 210, 211, 215, 216, 217, 219, 220, 223, 227, 228, 235, 236, 240, 244, 246, 248, 250, 251, 252, 253, 254, 255, 260, 261, 262, 264, 265, 267, 269, 271, 273, 274, 276, 277, 278, 279, 280, 281, 282, 283, 284, 285, 286, 287, 288, 289, 290, 291, 292, 296, 298, 299, 301, 302, 303, 304, 306, 312, 316, 319, 320, 321, 324, 327, 333, 335, 336, 337]",163
20,"[2, 3, 4, 10, 11, 14, 15, 16, 18, 20, 23, 24, 25, 27, 28, 29, 33, 37, 38, 44, 48, 50, 51, 52, 55, 56, 57, 58, 59, 61, 64, 67, 69, 70, 73, 75, 76, 78, 81, 85, 87, 90, 93, 94, 98, 103, 105, 111, 112, 113, 117, 118, 119, 121, 122, 124, 127, 128, 129, 130, 132, 134, 140, 141, 142, 146, 148, 149, 150, 153, 154, 155, 156, 157, 158, 168, 169, 170, 172, 174, 176, 177, 181, 184, 185, 186, 187, 188, 189, 191, 192, 197, 200, 202, 206, 210, 211, 215, 216, 217, 219, 220, 223, 227, 228, 235, 236, 240, 244, 246, 248, 250, 251, 252, 253, 254, 255, 260, 261, 262, 264, 265, 267, 269, 271, 273, 274, 276, 277, 278, 279, 280, 281, 282, 283, 284, 285, 286, 287, 288, 289, 290, 291, 292, 296, 298, 299, 301, 302, 303, 304, 306, 312, 316, 319, 320, 321, 324, 327, 333, 335, 336, 337]",163
21,"[0, 1, 5, 6, 7, 8, 9, 12, 13, 17, 19, 21, 22, 26, 30, 31, 32, 34, 35, 36, 39, 40, 41, 42, 43, 45, 46, 47, 49, 53, 54, 60, 62, 63, 65, 66, 68, 71, 72, 74, 77, 79, 80, 82, 83, 84, 86, 88, 89, 91, 92, 95, 96, 97, 99, 100, 101, 102, 104, 106, 107, 108, 109, 110, 114, 115, 116, 120, 123, 125, 126, 131, 133, 135, 136, 137, 138, 139, 143, 144, 145, 147, 151, 152, 159, 160, 161, 162, 163, 164, 165, 166, 167, 171, 173, 175, 178, 179, 180, 182, 183, 190, 193, 194, 195, 196, 198, 199, 201, 203, 204, 205, 207, 208, 209, 212, 213, 214, 218, 221, 222, 224, 225, 226, 229, 230, 231, 232, 233, 234, 237, 238, 239, 241, 242, 243, 245, 247, 249, 256, 257, 258, 259, 263, 266, 268, 270, 272, 275, 293, 294, 295, 297, 300, 305, 307, 308, 309, 310, 311, 313, 314, 315, 317, 318, 322, 323, 325, 326, 328, 329, 330, 331, 332, 334, 338]",176
22,"[0, 1, 5, 6, 7, 8, 9, 12, 13, 17, 19, 21, 22, 26, 30, 31, 32, 34, 35, 36, 39, 40, 41, 42, 43, 45, 46, 47, 49, 53, 54, 60, 62, 63, 65, 66, 68, 71, 72, 74, 77, 79, 80, 82, 83, 84, 86, 88, 89, 91, 92, 95, 96, 97, 99, 100, 101, 102, 104, 106, 107, 108, 109, 110, 114, 115, 116, 120, 123, 125, 126, 131, 133, 135, 136, 137, 138, 139, 143, 144, 145, 147, 151, 152, 159, 160, 161, 162, 163, 164, 165, 166, 167, 171, 173, 175, 178, 179, 180, 182, 183, 190, 193, 194, 195, 196, 198, 199, 201, 203, 204, 205, 207, 208, 209, 212, 213, 214, 218, 221, 222, 224, 225, 226, 229, 230, 231, 232, 233, 234, 237, 238, 239, 241, 242, 243, 245, 247, 249, 256, 257, 258, 259, 263, 266, 268, 270, 272, 275, 293, 294, 295, 297, 300, 305, 307, 308, 309, 310, 311, 313, 314, 315, 317, 318, 322, 323, 325, 326, 328, 329, 330, 331, 332, 334, 338]",176
23,"[0, 1, 5, 6, 7, 8, 9, 12, 13, 17, 19, 21, 22, 26, 30, 31, 32, 34, 35, 36, 39, 40, 41, 42, 43, 45, 46, 47, 49, 53, 54, 60, 62, 63, 65, 66, 68, 71, 72, 74, 77, 79, 80, 82, 83, 84, 86, 88, 89, 91, 92, 95, 96, 97, 99, 100, 101, 102, 104, 106, 107, 108, 109, 110, 114, 115, 116, 120, 123, 125, 126, 131, 133, 135, 136, 137, 138, 139, 143, 144, 145, 147, 151, 152, 159, 160, 161, 162, 163, 164, 165, 166, 167, 171, 173, 175, 178, 179, 180, 182, 183, 190, 193, 194, 195, 196, 198, 199, 201, 203, 204, 205, 207, 208, 209, 212, 213, 214, 218, 221, 222, 224, 225, 226, 229, 230, 231, 232, 233, 234, 237, 238, 239, 241, 242, 243, 245, 247, 249, 256, 257, 258, 259, 263, 266, 268, 270, 272, 275, 293, 294, 295, 297, 300, 305, 307, 308, 309, 310, 311, 313, 314, 315, 317, 318, 322, 323, 325, 326, 328, 329, 330, 331, 332, 334, 338]",176
24,"[2, 3, 4, 10, 11, 14, 15, 16, 18, 20, 23, 24, 25, 27, 28, 29, 33, 37, 38, 44, 48, 50, 51, 52, 55, 56, 57, 58, 59, 61, 64, 67, 69, 70, 73, 75, 76, 78, 81, 85, 87, 90, 93, 94, 98, 103, 105, 111, 112, 113, 117, 118, 119, 121, 122, 124, 127, 128, 129, 130, 132, 134, 140, 141, 142, 146, 148, 149, 150, 153, 154, 155, 156, 157, 158, 168, 169, 170, 172, 174, 176, 177, 181, 184, 185, 186, 187, 188, 189, 191, 192, 197, 200, 202, 206, 210, 211, 215, 216, 217, 219, 220, 223, 227, 228, 235, 236, 240, 244, 246, 248, 250, 251, 252, 253, 254, 255, 260, 261, 262, 264, 265, 267, 269, 271, 273, 274, 276, 277, 278, 279, 280, 281, 282, 283, 284, 285, 286, 287, 288, 289, 290, 291, 292, 296, 298, 299, 301, 302, 303, 304, 306, 312, 316, 319, 320, 321, 324, 327, 333, 335, 336, 337]",163
25,"[0, 1, 5, 6, 7, 8, 9, 12, 13, 17, 19, 21, 22, 26, 30, 31, 32, 34, 35, 36, 39, 40, 41, 42, 43, 45, 46, 47, 49, 53, 54, 60, 62, 63, 65, 66, 68, 71, 72, 74, 77, 79, 80, 82, 83, 84, 86, 88, 89, 91, 92, 95, 96, 97, 99, 100, 101, 102, 104, 106, 107, 108, 109, 110, 114, 115, 116, 120, 123, 125, 126, 131, 133, 135, 136, 137, 138, 139, 143, 144, 145, 147, 151, 152, 159, 160, 161, 162, 163, 164, 165, 166, 167, 171, 173, 175, 178, 179, 180, 182, 183, 190, 193, 194, 195, 196, 198, 199, 201, 203, 204, 205, 207, 208, 209, 212, 213, 214, 218, 221, 222, 224, 225, 226, 229, 230, 231, 232, 233, 234, 237, 238, 239, 241, 242, 243, 245, 247, 249, 256, 257, 258, 259, 263, 266, 268, 270, 272, 275, 293, 294, 295, 297, 300, 305, 307, 308, 309, 310, 311, 313, 314, 315, 317, 318, 322, 323, 325, 326, 328, 329, 330, 331, 332, 334, 338]",176
26,"[0, 1, 5, 6, 7, 8, 9, 12, 13, 17, 19, 21, 22, 26, 30, 31, 32, 34, 35, 36, 39, 40, 41, 42, 43, 45, 46, 47, 49, 53, 54, 60, 62, 63, 65, 66, 68, 71, 72, 74, 77, 79, 80, 82, 83, 84, 86, 88, 89, 91, 92, 95, 96, 97, 99, 100, 101, 102, 104, 106, 107, 108, 109, 110, 114, 115, 116, 120, 123, 125, 126, 131, 133, 135, 136, 137, 138, 139, 143, 144, 145, 147, 151, 152, 159, 160, 161, 162, 163, 164, 165, 166, 167, 171, 173, 175, 178, 179, 180, 182, 183, 190, 193, 194, 195, 196, 198, 199, 201, 203, 204, 205, 207, 208, 209, 212, 213, 214, 218, 221, 222, 224, 225, 226, 229, 230, 231, 232, 233, 234, 237, 238, 239, 241, 242, 243, 245, 247, 249, 256, 257, 258, 259, 263, 266, 268, 270, 272, 275, 293, 294, 295, 297, 300, 305, 307, 308, 309, 310, 311, 313, 314, 315, 317, 318, 322, 323, 325, 326, 328, 329, 330, 331, 332, 334, 338]",176
27,"[0, 1, 5, 6, 7, 8, 9, 12, 13, 17, 19, 21, 22, 26, 30, 31, 32, 34, 35, 36, 39, 40, 41, 42, 43, 45, 46, 47, 49, 53, 54, 60, 62, 63, 65, 66, 68, 71, 72, 74, 77, 79, 80, 82, 83, 84, 86, 88, 89, 91, 92, 95, 96, 97, 99, 100, 101, 102, 104, 106, 107, 108, 109, 110, 114, 115, 116, 120, 123, 125, 126, 131, 133, 135, 136, 137, 138, 139, 143, 144, 145, 147, 151, 152, 159, 160, 161, 162, 163, 164, 165, 166, 167, 171, 173, 175, 178, 179, 180, 182, 183, 190, 193, 194, 195, 196, 198, 199, 201, 203, 204, 205, 207, 208, 209, 212, 213, 214, 218, 221, 222, 224, 225, 226, 229, 230, 231, 232, 233, 234, 237, 238, 239, 241, 242, 243, 245, 247, 249, 256, 257, 258, 259, 263, 266, 268, 270, 272, 275, 293, 294, 295, 297, 300, 305, 307, 308, 309, 310, 311, 313, 314, 315, 317, 318, 322, 323, 325, 326, 328, 329, 330, 331, 332, 334, 338]",176
28,"[0, 1, 5, 6, 7, 8, 9, 12, 13, 17, 19, 21, 22, 26, 30, 31, 32, 34, 35, 36, 39, 40, 41, 42, 43, 45, 46, 47, 49, 53, 54, 60, 62, 63, 65, 66, 68, 71, 72, 74, 77, 79, 80, 82, 83, 84, 86, 88, 89, 91, 92, 95, 96, 97, 99, 100, 101, 102, 104, 106, 107, 108, 109, 110, 114, 115, 116, 120, 123, 125, 126, 131, 133, 135, 136, 137, 138, 139, 143, 144, 145, 147, 151, 152, 159, 160, 161, 162, 163, 164, 165, 166, 167, 171, 173, 175, 178, 179, 180, 182, 183, 190, 193, 194, 195, 196, 198, 199, 201, 203, 204, 205, 207, 208, 209, 212, 213, 214, 218, 221, 222, 224, 225, 226, 229, 230, 231, 232, 233, 234, 237, 238, 239, 241, 242, 243, 245, 247, 249, 256, 257, 258, 259, 263, 266, 268, 270, 272, 275, 293, 294, 295, 297, 300, 305, 307, 308, 309, 310, 311, 313, 314, 315, 317, 318, 322, 323, 325, 326, 328, 329, 330, 331, 332, 334, 338]",176
29,"[0, 1, 5, 6, 7, 8, 9, 12, 13, 17, 19, 21, 22, 26, 30, 31, 32, 34, 35, 36, 39, 40, 41, 42, 43, 45, 46, 47, 49, 53, 54, 60, 62, 63, 65, 66, 68, 71, 72, 74, 77, 79, 80, 82, 83, 84, 86, 88, 89, 91, 92, 95, 96, 97, 99, 100, 101, 102, 104, 106, 107, 108, 109, 110, 114, 115, 116, 120, 123, 125, 126, 131, 133, 135, 136, 137, 138, 139, 143, 144, 145, 147, 151, 152, 159, 160, 161, 162, 163, 164, 165, 166, 167, 171, 173, 175, 178, 179, 180, 182, 183, 190, 193, 194, 195, 196, 198, 199, 201, 203, 204, 205, 207, 208, 209, 212, 213, 214, 218, 221, 222, 224, 225, 226, 229, 230, 231, 232, 233, 234, 237, 238, 239, 241, 242, 243, 245, 247, 249, 256, 257, 258, 259, 263, 266, 268, 270, 272, 275, 293, 294, 295, 297, 300, 305, 307, 308, 309, 310, 311, 313, 314, 315, 317, 318, 322, 323, 325, 326, 328, 329, 330, 331, 332, 334, 338]",176
30,"[2, 3, 4, 10, 11, 14, 15, 16, 18, 20, 23, 24, 25, 27, 28, 29, 33, 37, 38, 44, 48, 50, 51, 52, 55, 56, 57, 58, 59, 61, 64, 67, 69, 70, 73, 75, 76, 78, 81, 85, 87, 90, 93, 94, 98, 103, 105, 111, 112, 113, 117, 118, 119, 121, 122, 124, 127, 128, 129, 130, 132, 134, 140, 141, 142, 146, 148, 149, 150, 153, 154, 155, 156, 157, 158, 168, 169, 170, 172, 174, 176, 177, 181, 184, 185, 186, 187, 188, 189, 191, 192, 197, 200, 202, 206, 210, 211, 215, 216, 217, 219, 220, 223, 227, 228, 235, 236, 240, 244, 246, 248, 250, 251, 252, 253, 254, 255, 260, 261, 262, 264, 265, 267, 269, 271, 273, 274, 276, 277, 278, 279, 280, 281, 282, 283, 284, 285, 286, 287, 288, 289, 290, 291, 292, 296, 298, 299, 301, 302, 303, 304, 306, 312, 316, 319, 320, 321, 324, 327, 333, 335, 336, 337]",163
31,"[0, 1, 5, 6, 7, 8, 9, 12, 13, 17, 19, 21, 22, 26, 30, 31, 32, 34, 35, 36, 39, 40, 41, 42, 43, 45, 46, 47, 49, 53, 54, 60, 62, 63, 65, 66, 68, 71, 72, 74, 77, 79, 80, 82, 83, 84, 86, 88, 89, 91, 92, 95, 96, 97, 99, 100, 101, 102, 104, 106, 107, 108, 109, 110, 114, 115, 116, 120, 123, 125, 126, 131, 133, 135, 136, 137, 138, 139, 143, 144, 145, 147, 151, 152, 159, 160, 161, 162, 163, 164, 165, 166, 167, 171, 173, 175, 178, 179, 180, 182, 183, 190, 193, 194, 195, 196, 198, 199, 201, 203, 204, 205, 207, 208, 209, 212, 213, 214, 218, 221, 222, 224, 225, 226, 229, 230, 231, 232, 233, 234, 237, 238, 239, 241, 242, 243, 245, 247, 249, 256, 257, 258, 259, 263, 266, 268, 270, 272, 275, 293, 294, 295, 297, 300, 305, 307, 308, 309, 310, 311, 313, 314, 315, 317, 318, 322, 323, 325, 326, 328, 329, 330, 331, 332, 334, 338]",176
32,"[0, 1, 5, 6, 7, 8, 9, 12, 13, 17, 19, 21, 22, 26, 30, 31, 32, 34, 35, 36, 39, 40, 41, 42, 43, 45, 46, 47, 49, 53, 54, 60, 62, 63, 65, 66, 68, 71, 72, 74, 77, 79, 80, 82, 83, 84, 86, 88, 89, 91, 92, 95, 96, 97, 99, 100, 101, 102, 104, 106, 107, 108, 109, 110, 114, 115, 116, 120, 123, 125, 126, 131, 133, 135, 136, 137, 138, 139, 143, 144, 145, 147, 151, 152, 159, 160, 161, 162, 163, 164, 165, 166, 167, 171, 173, 175, 178, 179, 180, 182, 183, 190, 193, 194, 195, 196, 198, 199, 201, 203, 204, 205, 207, 208, 209, 212, 213, 214, 218, 221, 222, 224, 225, 226, 229, 230, 231, 232, 233, 234, 237, 238, 239, 241, 242, 243, 245, 247, 249, 256, 257, 258, 259, 263, 266, 268, 270, 272, 275, 293, 294, 295, 297, 300, 305, 307, 308, 309, 310, 311, 313, 314, 315, 317, 318, 322, 323, 325, 326, 328, 329, 330, 331, 332, 334, 338]",176
33,"[2, 3, 4, 10, 11, 14, 15, 16, 18, 20, 23, 24, 25, 27, 28, 29, 33, 37, 38, 44, 48, 50, 51, 52, 55, 56, 57, 58, 59, 61, 64, 67, 69, 70, 73, 75, 76, 78, 81, 85, 87, 90, 93, 94, 98, 103, 105, 111, 112, 113, 117, 118, 119, 121, 122, 124, 127, 128, 129, 130, 132, 134, 140, 141, 142, 146, 148, 149, 150, 153, 154, 155, 156, 157, 158, 168, 169, 170, 172, 174, 176, 177, 181, 184, 185, 186, 187, 188, 189, 191, 192, 197, 200, 202, 206, 210, 211, 215, 216, 217, 219, 220, 223, 227, 228, 235, 236, 240, 244, 246, 248, 250, 251, 252, 253, 254, 255, 260, 261, 262, 264, 265, 267, 269, 271, 273, 274, 276, 277, 278, 279, 280, 281, 282, 283, 284, 285, 286, 287, 288, 289, 290, 291, 292, 296, 298, 299, 301, 302, 303, 304, 306, 312, 316, 319, 320, 321, 324, 327, 333, 335, 336, 337]",163
34,"[2, 3, 4, 10, 11, 14, 15, 16, 18, 20, 23, 24, 25, 27, 28, 29, 33, 37, 38, 44, 48, 50, 51, 52, 55, 56, 57, 58, 59, 61, 64, 67, 69, 70, 73, 75, 76, 78, 81, 85, 87, 90, 93, 94, 98, 103, 105, 111, 112, 113, 117, 118, 119, 121, 122, 124, 127, 128, 129, 130, 132, 134, 140, 141, 142, 146, 148, 149, 150, 153, 154, 155, 156, 157, 158, 168, 169, 170, 172, 174, 176, 177, 181, 184, 185, 186, 187, 188, 189, 191, 192, 197, 200, 202, 206, 210, 211, 215, 216, 217, 219, 220, 223, 227, 228, 235, 236, 240, 244, 246, 248, 250, 251, 252, 253, 254, 255, 260, 261, 262, 264, 265, 267, 269, 271, 273, 274, 276, 277, 278, 279, 280, 281, 282, 283, 284, 285, 286, 287, 288, 289, 290, 291, 292, 296, 298, 299, 301, 302, 303, 304, 306, 312, 316, 319, 320, 321, 324, 327, 333, 335, 336, 337]",163
35,"[0, 1, 5, 6, 7, 8, 9, 12, 13, 17, 19, 21, 22, 26, 30, 31, 32, 34, 35, 36, 39, 40, 41, 42, 43, 45, 46, 47, 49, 53, 54, 60, 62, 63, 65, 66, 68, 71, 72, 74, 77, 79, 80, 82, 83, 84, 86, 88, 89, 91, 92, 95, 96, 97, 99, 100, 101, 102, 104, 106, 107, 108, 109, 110, 114, 115, 116, 120, 123, 125, 126, 131, 133, 135, 136, 137, 138, 139, 143, 144, 145, 147, 151, 152, 159, 160, 161, 162, 163, 164, 165, 166, 167, 171, 173, 175, 178, 179, 180, 182, 183, 190, 193, 194, 195, 196, 198, 199, 201, 203, 204, 205, 207, 208, 209, 212, 213, 214, 218, 221, 222, 224, 225, 226, 229, 230, 231, 232, 233, 234, 237, 238, 239, 241, 242, 243, 245, 247, 249, 256, 257, 258, 259, 263, 266, 268, 270, 272, 275, 293, 294, 295, 297, 300, 305, 307, 308, 309, 310, 311, 313, 314, 315, 317, 318, 322, 323, 325, 326, 328, 329, 330, 331, 332, 334, 338]",176
36,"[2, 3, 4, 10, 11, 14, 15, 16, 18, 20, 23, 24, 25, 27, 28, 29, 33, 37, 38, 44, 48, 50, 51, 52, 55, 56, 57, 58, 59, 61, 64, 67, 69, 70, 73, 75, 76, 78, 81, 85, 87, 90, 93, 94, 98, 103, 105, 111, 112, 113, 117, 118, 119, 121, 122, 124, 127, 128, 129, 130, 132, 134, 140, 141, 142, 146, 148, 149, 150, 153, 154, 155, 156, 157, 158, 168, 169, 170, 172, 174, 176, 177, 181, 184, 185, 186, 187, 188, 189, 191, 192, 197, 200, 202, 206, 210, 211, 215, 216, 217, 219, 220, 223, 227, 228, 235, 236, 240, 244, 246, 248, 250, 251, 252, 253, 254, 255, 260, 261, 262, 264, 265, 267, 269, 271, 273, 274, 276, 277, 278, 279, 280, 281, 282, 283, 284, 285, 286, 287, 288, 289, 290, 291, 292, 296, 298, 299, 301, 302, 303, 304, 306, 312, 316, 319, 320, 321, 324, 327, 333, 335, 336, 337]",163
37,"[0, 1, 5, 6, 7, 8, 9, 12, 13, 17, 19, 21, 22, 26, 30, 31, 32, 34, 35, 36, 39, 40, 41, 42, 43, 45, 46, 47, 49, 53, 54, 60, 62, 63, 65, 66, 68, 71, 72, 74, 77, 79, 80, 82, 83, 84, 86, 88, 89, 91, 92, 95, 96, 97, 99, 100, 101, 102, 104, 106, 107, 108, 109, 110, 114, 115, 116, 120, 123, 125, 126, 131, 133, 135, 136, 137, 138, 139, 143, 144, 145, 147, 151, 152, 159, 160, 161, 162, 163, 164, 165, 166, 167, 171, 173, 175, 178, 179, 180, 182, 183, 190, 193, 194, 195, 196, 198, 199, 201, 203, 204, 205, 207, 208, 209, 212, 213, 214, 218, 221, 222, 224, 225, 226, 229, 230, 231, 232, 233, 234, 237, 238, 239, 241, 242, 243, 245, 247, 249, 256, 257, 258, 259, 263, 266, 268, 270, 272, 275, 293, 294, 295, 297, 300, 305, 307, 308, 309, 310, 311, 313, 314, 315, 317, 318, 322, 323, 325, 326, 328, 329, 330, 331, 332, 334, 338]",176
38,"[2, 3, 4, 10, 11, 14, 15, 16, 18, 20, 23, 24, 25, 27, 28, 29, 33, 37, 38, 44, 48, 50, 51, 52, 55, 56, 57, 58, 59, 61, 64, 67, 69, 70, 73, 75, 76, 78, 81, 85, 87, 90, 93, 94, 98, 103, 105, 111, 112, 113, 117, 118, 119, 121, 122, 124, 127, 128, 129, 130, 132, 134, 140, 141, 142, 146, 148, 149, 150, 153, 154, 155, 156, 157, 158, 168, 169, 170, 172, 174, 176, 177, 181, 184, 185, 186, 187, 188, 189, 191, 192, 197, 200, 202, 206, 210, 211, 215, 216, 217, 219, 220, 223, 227, 228, 235, 236, 240, 244, 246, 248, 250, 251, 252, 253, 254, 255, 260, 261, 262, 264, 265, 267, 269, 271, 273, 274, 276, 277, 278, 279, 280, 281, 282, 283, 284, 285, 286, 287, 288, 289, 290, 291, 292, 296, 298, 299, 301, 302, 303, 304, 306, 312, 316, 319, 320, 321, 324, 327, 333, 335, 336, 337]",163
39,"[0, 1, 5, 6, 7, 8, 9, 12, 13, 17, 19, 21, 22, 26, 30, 31, 32, 34, 35, 36, 39, 40, 41, 42, 43, 45, 46, 47, 49, 53, 54, 60, 62, 63, 65, 66, 68, 71, 72, 74, 77, 79, 80, 82, 83, 84, 86, 88, 89, 91, 92, 95, 96, 97, 99, 100, 101, 102, 104, 106, 107, 108, 109, 110, 114, 115, 116, 120, 123, 125, 126, 131, 133, 135, 136, 137, 138, 139, 143, 144, 145, 147, 151, 152, 159, 160, 161, 162, 163, 164, 165, 166, 167, 171, 173, 175, 178, 179, 180, 182, 183, 190, 193, 194, 195, 196, 198, 199, 201, 203, 204, 205, 207, 208, 209, 212, 213, 214, 218, 221, 222, 224, 225, 226, 229, 230, 231, 232, 233, 234, 237, 238, 239, 241, 242, 243, 245, 247, 249, 256, 257, 258, 259, 263, 266, 268, 270, 272, 275, 293, 294, 295, 297, 300, 305, 307, 308, 309, 310, 311, 313, 314, 315, 317, 318, 322, 323, 325, 326, 328, 329, 330, 331, 332, 334, 338]",176
40,"[0, 1, 5, 6, 7, 8, 9, 12, 13, 17, 19, 21, 22, 26, 30, 31, 32, 34, 35, 36, 39, 40, 41, 42, 43, 45, 46, 47, 49, 53, 54, 60, 62, 63, 65, 66, 68, 71, 72, 74, 77, 79, 80, 82, 83, 84, 86, 88, 89, 91, 92, 95, 96, 97, 99, 100, 101, 102, 104, 106, 107, 108, 109, 110, 114, 115, 116, 120, 123, 125, 126, 131, 133, 135, 136, 137, 138, 139, 143, 144, 145, 147, 151, 152, 159, 160, 161, 162, 163, 164, 165, 166, 167, 171, 173, 175, 178, 179, 180, 182, 183, 190, 193, 194, 195, 196, 198, 199, 201, 203, 204, 205, 207, 208, 209, 212, 213, 214, 218, 221, 222, 224, 225, 226, 229, 230, 231, 232, 233, 234, 237, 238, 239, 241, 242, 243, 245, 247, 249, 256, 257, 258, 259, 263, 266, 268, 270, 272, 275, 293, 294, 295, 297, 300, 305, 307, 308, 309, 310, 311, 313, 314, 315, 317, 318, 322, 323, 325, 326, 328, 329, 330, 331, 332, 334, 338]",176
41,"[2, 3, 4, 10, 11, 14, 15, 16, 18, 20, 23, 24, 25, 27, 28, 29, 33, 37, 38, 44, 48, 50, 51, 52, 55, 56, 57, 58, 59, 61, 64, 67, 69, 70, 73, 75, 76, 78, 81, 85, 87, 90, 93, 94, 98, 103, 105, 111, 112, 113, 117, 118, 119, 121, 122, 124, 127, 128, 129, 130, 132, 134, 140, 141, 142, 146, 148, 149, 150, 153, 154, 155, 156, 157, 158, 168, 169, 170, 172, 174, 176, 177, 181, 184, 185, 186, 187, 188, 189, 191, 192, 197, 200, 202, 206, 210, 211, 215, 216, 217, 219, 220, 223, 227, 228, 235, 236, 240, 244, 246, 248, 250, 251, 252, 253, 254, 255, 260, 261, 262, 264, 265, 267, 269, 271, 273, 274, 276, 277, 278, 279, 280, 281, 282, 283, 284, 285, 286, 287, 288, 289, 290, 291, 292, 296, 298, 299, 301, 302, 303, 304, 306, 312, 316, 319, 320, 321, 324, 327, 333, 335, 336, 337]",163
42,"[2, 3, 4, 10, 11, 14, 15, 16, 18, 20, 23, 24, 25, 27, 28, 29, 33, 37, 38, 44, 48, 50, 51, 52, 55, 56, 57, 58, 59, 61, 64, 67, 69, 70, 73, 75, 76, 78, 81, 85, 87, 90, 93, 94, 98, 103, 105, 111, 112, 113, 117, 118, 119, 121, 122, 124, 127, 128, 129, 130, 132, 134, 140, 141, 142, 146, 148, 149, 150, 153, 154, 155, 156, 157, 158, 168, 169, 170, 172, 174, 176, 177, 181, 184, 185, 186, 187, 188, 189, 191, 192, 197, 200, 202, 206, 210, 211, 215, 216, 217, 219, 220, 223, 227, 228, 235, 236, 240, 244, 246, 248, 250, 251, 252, 253, 254, 255, 260, 261, 262, 264, 265, 267, 269, 271, 273, 274, 276, 277, 278, 279, 280, 281, 282, 283, 284, 285, 286, 287, 288, 289, 290, 291, 292, 296, 298, 299, 301, 302, 303, 304, 306, 312, 316, 319, 320, 321, 324, 327, 333, 335, 336, 337]",163
43,"[0, 1, 5, 6, 7, 8, 9, 12, 13, 17, 19, 21, 22, 26, 30, 31, 32, 34, 35, 36, 39, 40, 41, 42, 43, 45, 46, 47, 49, 53, 54, 60, 62, 63, 65, 66, 68, 71, 72, 74, 77, 79, 80, 82, 83, 84, 86, 88, 89, 91, 92, 95, 96, 97, 99, 100, 101, 102, 104, 106, 107, 108, 109, 110, 114, 115, 116, 120, 123, 125, 126, 131, 133, 135, 136, 137, 138, 139, 143, 144, 145, 147, 151, 152, 159, 160, 161, 162, 163, 164, 165, 166, 167, 171, 173, 175, 178, 179, 180, 182, 183, 190, 193, 194, 195, 196, 198, 199, 201, 203, 204, 205, 207, 208, 209, 212, 213, 214, 218, 221, 222, 224, 225, 226, 229, 230, 231, 232, 233, 234, 237, 238, 239, 241, 242, 243, 245, 247, 249, 256, 257, 258, 259, 263, 266, 268, 270, 272, 275, 293, 294, 295, 297, 300, 305, 307, 308, 309, 310, 311, 313, 314, 315, 317, 318, 322, 323, 325, 326, 328, 329, 330, 331, 332, 334, 338]",176
44,"[0, 1, 5, 6, 7, 8, 9, 12, 13, 17, 19, 21, 22, 26, 30, 31, 32, 34, 35, 36, 39, 40, 41, 42, 43, 45, 46, 47, 49, 53, 54, 60, 62, 63, 65, 66, 68, 71, 72, 74, 77, 79, 80, 82, 83, 84, 86, 88, 89, 91, 92, 95, 96, 97, 99, 100, 101, 102, 104, 106, 107, 108, 109, 110, 114, 115, 116, 120, 123, 125, 126, 131, 133, 135, 136, 137, 138, 139, 143, 144, 145, 147, 151, 152, 159, 160, 161, 162, 163, 164, 165, 166, 167, 171, 173, 175, 178, 179, 180, 182, 183, 190, 193, 194, 195, 196, 198, 199, 201, 203, 204, 205, 207, 208, 209, 212, 213, 214, 218, 221, 222, 224, 225, 226, 229, 230, 231, 232, 233, 234, 237, 238, 239, 241, 242, 243, 245, 247, 249, 256, 257, 258, 259, 263, 266, 268, 270, 272, 275, 293, 294, 295, 297, 300, 305, 307, 308, 309, 310, 311, 313, 314, 315, 317, 318, 322, 323, 325, 326, 328, 329, 330, 331, 332, 334, 338]",176
45,"[2, 3, 4, 10, 11, 14, 15, 16, 18, 20, 23, 24, 25, 27, 28, 29, 33, 37, 38, 44, 48, 50, 51, 52, 55, 56, 57, 58, 59, 61, 64, 67, 69, 70, 73, 75, 76, 78, 81, 85, 87, 90, 93, 94, 98, 103, 105, 111, 112, 113, 117, 118, 119, 121, 122, 124, 127, 128, 129, 130, 132, 134, 140, 141, 142, 146, 148, 149, 150, 153, 154, 155, 156, 157, 158, 168, 169, 170, 172, 174, 176, 177, 181, 184, 185, 186, 187, 188, 189, 191, 192, 197, 200, 202, 206, 210, 211, 215, 216, 217, 219, 220, 223, 227, 228, 235, 236, 240, 244, 246, 248, 250, 251, 252, 253, 254, 255, 260, 261, 262, 264, 265, 267, 269, 271, 273, 274, 276, 277, 278, 279, 280, 281, 282, 283, 284, 285, 286, 287, 288, 289, 290, 291, 292, 296, 298, 299, 301, 302, 303, 304, 306, 312, 316, 319, 320, 321, 324, 327, 333, 335, 336, 337]",163
46,"[0, 1, 5, 6, 7, 8, 9, 12, 13, 17, 19, 21, 22, 26, 30, 31, 32, 34, 35, 36, 39, 40, 41, 42, 43, 45, 46, 47, 49, 53, 54, 60, 62, 63, 65, 66, 68, 71, 72, 74, 77, 79, 80, 82, 83, 84, 86, 88, 89, 91, 92, 95, 96, 97, 99, 100, 101, 102, 104, 106, 107, 108, 109, 110, 114, 115, 116, 120, 123, 125, 126, 131, 133, 135, 136, 137, 138, 139, 143, 144, 145, 147, 151, 152, 159, 160, 161, 162, 163, 164, 165, 166, 167, 171, 173, 175, 178, 179, 180, 182, 183, 190, 193, 194, 195, 196, 198, 199, 201, 203, 204, 205, 207, 208, 209, 212, 213, 214, 218, 221, 222, 224, 225, 226, 229, 230, 231, 232, 233, 234, 237, 238, 239, 241, 242, 243, 245, 247, 249, 256, 257, 258, 259, 263, 266, 268, 270, 272, 275, 293, 294, 295, 297, 300, 305, 307, 308, 309, 310, 311, 313, 314, 315, 317, 318, 322, 323, 325, 326, 328, 329, 330, 331, 332, 334, 338]",176
47,"[2, 3, 4, 10, 11, 14, 15, 16, 18, 20, 23, 24, 25, 27, 28, 29, 33, 37, 38, 44, 48, 50, 51, 52, 55, 56, 57, 58, 59, 61, 64, 67, 69, 70, 73, 75, 76, 78, 81, 85, 87, 90, 93, 94, 98, 103, 105, 111, 112, 113, 117, 118, 119, 121, 122, 124, 127, 128, 129, 130, 132, 134, 140, 141, 142, 146, 148, 149, 150, 153, 154, 155, 156, 157, 158, 168, 169, 170, 172, 174, 176, 177, 181, 184, 185, 186, 187, 188, 189, 191, 192, 197, 200, 202, 206, 210, 211, 215, 216, 217, 219, 220, 223, 227, 228, 235, 236, 240, 244, 246, 248, 250, 251, 252, 253, 254, 255, 260, 261, 262, 264, 265, 267, 269, 271, 273, 274, 276, 277, 278, 279, 280, 281, 282, 283, 284, 285, 286, 287, 288, 289, 290, 291, 292, 296, 298, 299, 301, 302, 303, 304, 306, 312, 316, 319, 320, 321, 324, 327, 333, 335, 336, 337]",163
48,"[0, 1, 5, 6, 7, 8, 9, 12, 13, 17, 19, 21, 22, 26, 30, 31, 32, 34, 35, 36, 39, 40, 41, 42, 43, 45, 46, 47, 49, 53, 54, 60, 62, 63, 65, 66, 68, 71, 72, 74, 77, 79, 80, 82, 83, 84, 86, 88, 89, 91, 92, 95, 96, 97, 99, 100, 101, 102, 104, 106, 107, 108, 109, 110, 114, 115, 116, 120, 123, 125, 126, 131, 133, 135, 136, 137, 138, 139, 143, 144, 145, 147, 151, 152, 159, 160, 161, 162, 163, 164, 165, 166, 167, 171, 173, 175, 178, 179, 180, 182, 183, 190, 193, 194, 195, 196, 198, 199, 201, 203, 204, 205, 207, 208, 209, 212, 213, 214, 218, 221, 222, 224, 225, 226, 229, 230, 231, 232, 233, 234, 237, 238, 239, 241, 242, 243, 245, 247, 249, 256, 257, 258, 259, 263, 266, 268, 270, 272, 275, 293, 294, 295, 297, 300, 305, 307, 308, 309, 310, 311, 313, 314, 315, 317, 318, 322, 323, 325, 326, 328, 329, 330, 331, 332, 334, 338]",176
49,"[2, 3, 4, 10, 11, 14, 15, 16, 18, 20, 23, 24, 25, 27, 28, 29, 33, 37, 38, 44, 48, 50, 51, 52, 55, 56, 57, 58, 59, 61, 64, 67, 69, 70, 73, 75, 76, 78, 81, 85, 87, 90, 93, 94, 98, 103, 105, 111, 112, 113, 117, 118, 119, 121, 122, 124, 127, 128, 129, 130, 132, 134, 140, 141, 142, 146, 148, 149, 150, 153, 154, 155, 156, 157, 158, 168, 169, 170, 172, 174, 176, 177, 181, 184, 185, 186, 187, 188, 189, 191, 192, 197, 200, 202, 206, 210, 211, 215, 216, 217, 219, 220, 223, 227, 228, 235, 236, 240, 244, 246, 248, 250, 251, 252, 253, 254, 255, 260, 261, 262, 264, 265, 267, 269, 271, 273, 274, 276, 277, 278, 279, 280, 281, 282, 283, 284, 285, 286, 287, 288, 289, 290, 291, 292, 296, 298, 299, 301, 302, 303, 304, 306, 312, 316, 319, 320, 321, 324, 327, 333, 335, 336, 337]",163
50,"[0, 1, 5, 6, 7, 8, 9, 12, 13, 17, 19, 21, 22, 26, 30, 31, 32, 34, 35, 36, 39, 40, 41, 42, 43, 45, 46, 47, 49, 53, 54, 60, 62, 63, 65, 66, 68, 71, 72, 74, 77, 79, 80, 82, 83, 84, 86, 88, 89, 91, 92, 95, 96, 97, 99, 100, 101, 102, 104, 106, 107, 108, 109, 110, 114, 115, 116, 120, 123, 125, 126, 131, 133, 135, 136, 137, 138, 139, 143, 144, 145, 147, 151, 152, 159, 160, 161, 162, 163, 164, 165, 166, 167, 171, 173, 175, 178, 179, 180, 182, 183, 190, 193, 194, 195, 196, 198, 199, 201, 203, 204, 205, 207, 208, 209, 212, 213, 214, 218, 221, 222, 224, 225, 226, 229, 230, 231, 232, 233, 234, 237, 238, 239, 241, 242, 243, 245, 247, 249, 256, 257, 258, 259, 263, 266, 268, 270, 272, 275, 293, 294, 295, 297, 300, 305, 307, 308, 309, 310, 311, 313, 314, 315, 317, 318, 322, 323, 325, 326, 328, 329, 330, 331, 332, 334, 338]",176
51,"[0, 1, 5, 6, 7, 8, 9, 12, 13, 17, 19, 21, 22, 26, 30, 31, 32, 34, 35, 36, 39, 40, 41, 42, 43, 45, 46, 47, 49, 53, 54, 60, 62, 63, 65, 66, 68, 71, 72, 74, 77, 79, 80, 82, 83, 84, 86, 88, 89, 91, 92, 95, 96, 97, 99, 100, 101, 102, 104, 106, 107, 108, 109, 110, 114, 115, 116, 120, 123, 125, 126, 131, 133, 135, 136, 137, 138, 139, 143, 144, 145, 147, 151, 152, 159, 160, 161, 162, 163, 164, 165, 166, 167, 171, 173, 175, 178, 179, 180, 182, 183, 190, 193, 194, 195, 196, 198, 199, 201, 203, 204, 205, 207, 208, 209, 212, 213, 214, 218, 221, 222, 224, 225, 226, 229, 230, 231, 232, 233, 234, 237, 238, 239, 241, 242, 243, 245, 247, 249, 256, 257, 258, 259, 263, 266, 268, 270, 272, 275, 293, 294, 295, 297, 300, 305, 307, 308, 309, 310, 311, 313, 314, 315, 317, 318, 322, 323, 325, 326, 328, 329, 330, 331, 332, 334, 338]",176
52,"[2, 3, 4, 10, 11, 14, 15, 16, 18, 20, 23, 24, 25, 27, 28, 29, 33, 37, 38, 44, 48, 50, 51, 52, 55, 56, 57, 58, 59, 61, 64, 67, 69, 70, 73, 75, 76, 78, 81, 85, 87, 90, 93, 94, 98, 103, 105, 111, 112, 113, 117, 118, 119, 121, 122, 124, 127, 128, 129, 130, 132, 134, 140, 141, 142, 146, 148, 149, 150, 153, 154, 155, 156, 157, 158, 168, 169, 170, 172, 174, 176, 177, 181, 184, 185, 186, 187, 188, 189, 191, 192, 197, 200, 202, 206, 210, 211, 215, 216, 217, 219, 220, 223, 227, 228, 235, 236, 240, 244, 246, 248, 250, 251, 252, 253, 254, 255, 260, 261, 262, 264, 265, 267, 269, 271, 273, 274, 276, 277, 278, 279, 280, 281, 282, 283, 284, 285, 286, 287, 288, 289, 290, 291, 292, 296, 298, 299, 301, 302, 303, 304, 306, 312, 316, 319, 320, 321, 324, 327, 333, 335, 336, 337]",163
53,"[0, 1, 5, 6, 7, 8, 9, 12, 13, 17, 19, 21, 22, 26, 30, 31, 32, 34, 35, 36, 39, 40, 41, 42, 43, 45, 46, 47, 49, 53, 54, 60, 62, 63, 65, 66, 68, 71, 72, 74, 77, 79, 80, 82, 83, 84, 86, 88, 89, 91, 92, 95, 96, 97, 99, 100, 101, 102, 104, 106, 107, 108, 109, 110, 114, 115, 116, 120, 123, 125, 126, 131, 133, 135, 136, 137, 138, 139, 143, 144, 145, 147, 151, 152, 159, 160, 161, 162, 163, 164, 165, 166, 167, 171, 173, 175, 178, 179, 180, 182, 183, 190, 193, 194, 195, 196, 198, 199, 201, 203, 204, 205, 207, 208, 209, 212, 213, 214, 218, 221, 222, 224, 225, 226, 229, 230, 231, 232, 233, 234, 237, 238, 239, 241, 242, 243, 245, 247, 249, 256, 257, 258, 259, 263, 266, 268, 270, 272, 275, 293, 294, 295, 297, 300, 305, 307, 308, 309, 310, 311, 313, 314, 315, 317, 318, 322, 323, 325, 326, 328, 329, 330, 331, 332, 334, 338]",176
54,"[2, 3, 4, 10, 11, 14, 15, 16, 18, 20, 23, 24, 25, 27, 28, 29, 33, 37, 38, 44, 48, 50, 51, 52, 55, 56, 57, 58, 59, 61, 64, 67, 69, 70, 73, 75, 76, 78, 81, 85, 87, 90, 93, 94, 98, 103, 105, 111, 112, 113, 117, 118, 119, 121, 122, 124, 127, 128, 129, 130, 132, 134, 140, 141, 142, 146, 148, 149, 150, 153, 154, 155, 156, 157, 158, 168, 169, 170, 172, 174, 176, 177, 181, 184, 185, 186, 187, 188, 189, 191, 192, 197, 200, 202, 206, 210, 211, 215, 216, 217, 219, 220, 223, 227, 228, 235, 236, 240, 244, 246, 248, 250, 251, 252, 253, 254, 255, 260, 261, 262, 264, 265, 267, 269, 271, 273, 274, 276, 277, 278, 279, 280, 281, 282, 283, 284, 285, 286, 287, 288, 289, 290, 291, 292, 296, 298, 299, 301, 302, 303, 304, 306, 312, 316, 319, 320, 321, 324, 327, 333, 335, 336, 337]",163
55,"[0, 1, 5, 6, 7, 8, 9, 12, 13, 17, 19, 21, 22, 26, 30, 31, 32, 34, 35, 36, 39, 40, 41, 42, 43, 45, 46, 47, 49, 53, 54, 60, 62, 63, 65, 66, 68, 71, 72, 74, 77, 79, 80, 82, 83, 84, 86, 88, 89, 91, 92, 95, 96, 97, 99, 100, 101, 102, 104, 106, 107, 108, 109, 110, 114, 115, 116, 120, 123, 125, 126, 131, 133, 135, 136, 137, 138, 139, 143, 144, 145, 147, 151, 152, 159, 160, 161, 162, 163, 164, 165, 166, 167, 171, 173, 175, 178, 179, 180, 182, 183, 190, 193, 194, 195, 196, 198, 199, 201, 203, 204, 205, 207, 208, 209, 212, 213, 214, 218, 221, 222, 224, 225, 226, 229, 230, 231, 232, 233, 234, 237, 238, 239, 241, 242, 243, 245, 247, 249, 256, 257, 258, 259, 263, 266, 268, 270, 272, 275, 293, 294, 295, 297, 300, 305, 307, 308, 309, 310, 311, 313, 314, 315, 317, 318, 322, 323, 325, 326, 328, 329, 330, 331, 332, 334, 338]",176
56,"[0, 1, 5, 6, 7, 8, 9, 12, 13, 17, 19, 21, 22, 26, 30, 31, 32, 34, 35, 36, 39, 40, 41, 42, 43, 45, 46, 47, 49, 53, 54, 60, 62, 63, 65, 66, 68, 71, 72, 74, 77, 79, 80, 82, 83, 84, 86, 88, 89, 91, 92, 95, 96, 97, 99, 100, 101, 102, 104, 106, 107, 108, 109, 110, 114, 115, 116, 120, 123, 125, 126, 131, 133, 135, 136, 137, 138, 139, 143, 144, 145, 147, 151, 152, 159, 160, 161, 162, 163, 164, 165, 166, 167, 171, 173, 175, 178, 179, 180, 182, 183, 190, 193, 194, 195, 196, 198, 199, 201, 203, 204, 205, 207, 208, 209, 212, 213, 214, 218, 221, 222, 224, 225, 226, 229, 230, 231, 232, 233, 234, 237, 238, 239, 241, 242, 243, 245, 247, 249, 256, 257, 258, 259, 263, 266, 268, 270, 272, 275, 293, 294, 295, 297, 300, 305, 307, 308, 309, 310, 311, 313, 314, 315, 317, 318, 322, 323, 325, 326, 328, 329, 330, 331, 332, 334, 338]",176
57,"[0, 1, 5, 6, 7, 8, 9, 12, 13, 17, 19, 21, 22, 26, 30, 31, 32, 34, 35, 36, 39, 40, 41, 42, 43, 45, 46, 47, 49, 53, 54, 60, 62, 63, 65, 66, 68, 71, 72, 74, 77, 79, 80, 82, 83, 84, 86, 88, 89, 91, 92, 95, 96, 97, 99, 100, 101, 102, 104, 106, 107, 108, 109, 110, 114, 115, 116, 120, 123, 125, 126, 131, 133, 135, 136, 137, 138, 139, 143, 144, 145, 147, 151, 152, 159, 160, 161, 162, 163, 164, 165, 166, 167, 171, 173, 175, 178, 179, 180, 182, 183, 190, 193, 194, 195, 196, 198, 199, 201, 203, 204, 205, 207, 208, 209, 212, 213, 214, 218, 221, 222, 224, 225, 226, 229, 230, 231, 232, 233, 234, 237, 238, 239, 241, 242, 243, 245, 247, 249, 256, 257, 258, 259, 263, 266, 268, 270, 272, 275, 293, 294, 295, 297, 300, 305, 307, 308, 309, 310, 311, 313, 314, 315, 317, 318, 322, 323, 325, 326, 328, 329, 330, 331, 332, 334, 338]",176
58,"[0, 1, 5, 6, 7, 8, 9, 12, 13, 17, 19, 21, 22, 26, 30, 31, 32, 34, 35, 36, 39, 40, 41, 42, 43, 45, 46, 47, 49, 53, 54, 60, 62, 63, 65, 66, 68, 71, 72, 74, 77, 79, 80, 82, 83, 84, 86, 88, 89, 91, 92, 95, 96, 97, 99, 100, 101, 102, 104, 106, 107, 108, 109, 110, 114, 115, 116, 120, 123, 125, 126, 131, 133, 135, 136, 137, 138, 139, 143, 144, 145, 147, 151, 152, 159, 160, 161, 162, 163, 164, 165, 166, 167, 171, 173, 175, 178, 179, 180, 182, 183, 190, 193, 194, 195, 196, 198, 199, 201, 203, 204, 205, 207, 208, 209, 212, 213, 214, 218, 221, 222, 224, 225, 226, 229, 230, 231, 232, 233, 234, 237, 238, 239, 241, 242, 243, 245, 247, 249, 256, 257, 258, 259, 263, 266, 268, 270, 272, 275, 293, 294, 295, 297, 300, 305, 307, 308, 309, 310, 311, 313, 314, 315, 317, 318, 322, 323, 325, 326, 328, 329, 330, 331, 332, 334, 338]",176
59,"[2, 3, 4, 10, 11, 14, 15, 16, 18, 20, 23, 24, 25, 27, 28, 29, 33, 37, 38, 44, 48, 50, 51, 52, 55, 56, 57, 58, 59, 61, 64, 67, 69, 70, 73, 75, 76, 78, 81, 85, 87, 90, 93, 94, 98, 103, 105, 111, 112, 113, 117, 118, 119, 121, 122, 124, 127, 128, 129, 130, 132, 134, 140, 141, 142, 146, 148, 149, 150, 153, 154, 155, 156, 157, 158, 168, 169, 170, 172, 174, 176, 177, 181, 184, 185, 186, 187, 188, 189, 191, 192, 197, 200, 202, 206, 210, 211, 215, 216, 217, 219, 220, 223, 227, 228, 235, 236, 240, 244, 246, 248, 250, 251, 252, 253, 254, 255, 260, 261, 262, 264, 265, 267, 269, 271, 273, 274, 276, 277, 278, 279, 280, 281, 282, 283, 284, 285, 286, 287, 288, 289, 290, 291, 292, 296, 298, 299, 301, 302, 303, 304, 306, 312, 316, 319, 320, 321, 324, 327, 333, 335, 336, 337]",163
60,"[2, 3, 4, 10, 11, 14, 15, 16, 18, 20, 23, 24, 25, 27, 28, 29, 33, 37, 38, 44, 48, 50, 51, 52, 55, 56, 57, 58, 59, 61, 64, 67, 69, 70, 73, 75, 76, 78, 81, 85, 87, 90, 93, 94, 98, 103, 105, 111, 112, 113, 117, 118, 119, 121, 122, 124, 127, 128, 129, 130, 132, 134, 140, 141, 142, 146, 148, 149, 150, 153, 154, 155, 156, 157, 158, 168, 169, 170, 172, 174, 176, 177, 181, 184, 185, 186, 187, 188, 189, 191, 192, 197, 200, 202, 206, 210, 211, 215, 216, 217, 219, 220, 223, 227, 228, 235, 236, 240, 244, 246, 248, 250, 251, 252, 253, 254, 255, 260, 261, 262, 264, 265, 267, 269, 271, 273, 274, 276, 277, 278, 279, 280, 281, 282, 283, 284, 285, 286, 287, 288, 289, 290, 291, 292, 296, 298, 299, 301, 302, 303, 304, 306, 312, 316, 319, 320, 321, 324, 327, 333, 335, 336, 337]",163
61,"[0, 1, 5, 6, 7, 8, 9, 12, 13, 17, 19, 21, 22, 26, 30, 31, 32, 34, 35, 36, 39, 40, 41, 42, 43, 45, 46, 47, 49, 53, 54, 60, 62, 63, 65, 66, 68, 71, 72, 74, 77, 79, 80, 82, 83, 84, 86, 88, 89, 91, 92, 95, 96, 97, 99, 100, 101, 102, 104, 106, 107, 108, 109, 110, 114, 115, 116, 120, 123, 125, 126, 131, 133, 135, 136, 137, 138, 139, 143, 144, 145, 147, 151, 152, 159, 160, 161, 162, 163, 164, 165, 166, 167, 171, 173, 175, 178, 179, 180, 182, 183, 190, 193, 194, 195, 196, 198, 199, 201, 203, 204, 205, 207, 208, 209, 212, 213, 214, 218, 221, 222, 224, 225, 226, 229, 230, 231, 232, 233, 234, 237, 238, 239, 241, 242, 243, 245, 247, 249, 256, 257, 258, 259, 263, 266, 268, 270, 272, 275, 293, 294, 295, 297, 300, 305, 307, 308, 309, 310, 311, 313, 314, 315, 317, 318, 322, 323, 325, 326, 328, 329, 330, 331, 332, 334, 338]",176
62,"[0, 1, 5, 6, 7, 8, 9, 12, 13, 17, 19, 21, 22, 26, 30, 31, 32, 34, 35, 36, 39, 40, 41, 42, 43, 45, 46, 47, 49, 53, 54, 60, 62, 63, 65, 66, 68, 71, 72, 74, 77, 79, 80, 82, 83, 84, 86, 88, 89, 91, 92, 95, 96, 97, 99, 100, 101, 102, 104, 106, 107, 108, 109, 110, 114, 115, 116, 120, 123, 125, 126, 131, 133, 135, 136, 137, 138, 139, 143, 144, 145, 147, 151, 152, 159, 160, 161, 162, 163, 164, 165, 166, 167, 171, 173, 175, 178, 179, 180, 182, 183, 190, 193, 194, 195, 196, 198, 199, 201, 203, 204, 205, 207, 208, 209, 212, 213, 214, 218, 221, 222, 224, 225, 226, 229, 230, 231, 232, 233, 234, 237, 238, 239, 241, 242, 243, 245, 247, 249, 256, 257, 258, 259, 263, 266, 268, 270, 272, 275, 293, 294, 295, 297, 300, 305, 307, 308, 309, 310, 311, 313, 314, 315, 317, 318, 322, 323, 325, 326, 328, 329, 330, 331, 332, 334, 338]",176
63,"[0, 1, 5, 6, 7, 8, 9, 12, 13, 17, 19, 21, 22, 26, 30, 31, 32, 34, 35, 36, 39, 40, 41, 42, 43, 45, 46, 47, 49, 53, 54, 60, 62, 63, 65, 66, 68, 71, 72, 74, 77, 79, 80, 82, 83, 84, 86, 88, 89, 91, 92, 95, 96, 97, 99, 100, 101, 102, 104, 106, 107, 108, 109, 110, 114, 115, 116, 120, 123, 125, 126, 131, 133, 135, 136, 137, 138, 139, 143, 144, 145, 147, 151, 152, 159, 160, 161, 162, 163, 164, 165, 166, 167, 171, 173, 175, 178, 179, 180, 182, 183, 190, 193, 194, 195, 196, 198, 199, 201, 203, 204, 205, 207, 208, 209, 212, 213, 214, 218, 221, 222, 224, 225, 226, 229, 230, 231, 232, 233, 234, 237, 238, 239, 241, 242, 243, 245, 247, 249, 256, 257, 258, 259, 263, 266, 268, 270, 272, 275, 293, 294, 295, 297, 300, 305, 307, 308, 309, 310, 311, 313, 314, 315, 317, 318, 322, 323, 325, 326, 328, 329, 330, 331, 332, 334, 338]",176
64,"[2, 3, 4, 10, 11, 14, 15, 16, 18, 20, 23, 24, 25, 27, 28, 29, 33, 37, 38, 44, 48, 50, 51, 52, 55, 56, 57, 58, 59, 61, 64, 67, 69, 70, 73, 75, 76, 78, 81, 85, 87, 90, 93, 94, 98, 103, 105, 111, 112, 113, 117, 118, 119, 121, 122, 124, 127, 128, 129, 130, 132, 134, 140, 141, 142, 146, 148, 149, 150, 153, 154, 155, 156, 157, 158, 168, 169, 170, 172, 174, 176, 177, 181, 184, 185, 186, 187, 188, 189, 191, 192, 197, 200, 202, 206, 210, 211, 215, 216, 217, 219, 220, 223, 227, 228, 235, 236, 240, 244, 246, 248, 250, 251, 252, 253, 254, 255, 260, 261, 262, 264, 265, 267, 269, 271, 273, 274, 276, 277, 278, 279, 280, 281, 282, 283, 284, 285, 286, 287, 288, 289, 290, 291, 292, 296, 298, 299, 301, 302, 303, 304, 306, 312, 316, 319, 320, 321, 324, 327, 333, 335, 336, 337]",163
65,"[2, 3, 4, 10, 11, 14, 15, 16, 18, 20, 23, 24, 25, 27, 28, 29, 33, 37, 38, 44, 48, 50, 51, 52, 55, 56, 57, 58, 59, 61, 64, 67, 69, 70, 73, 75, 76, 78, 81, 85, 87, 90, 93, 94, 98, 103, 105, 111, 112, 113, 117, 118, 119, 121, 122, 124, 127, 128, 129, 130, 132, 134, 140, 141, 142, 146, 148, 149, 150, 153, 154, 155, 156, 157, 158, 168, 169, 170, 172, 174, 176, 177, 181, 184, 185, 186, 187, 188, 189, 191, 192, 197, 200, 202, 206, 210, 211, 215, 216, 217, 219, 220, 223, 227, 228, 235, 236, 240, 244, 246, 248, 250, 251, 252, 253, 254, 255, 260, 261, 262, 264, 265, 267, 269, 271, 273, 274, 276, 277, 278, 279, 280, 281, 282, 283, 284, 285, 286, 287, 288, 289, 290, 291, 292, 296, 298, 299, 301, 302, 303, 304, 306, 312, 316, 319, 320, 321, 324, 327, 333, 335, 336, 337]",163
66,"[2, 3, 4, 10, 11, 14, 15, 16, 18, 20, 23, 24, 25, 27, 28, 29, 33, 37, 38, 44, 48, 50, 51, 52, 55, 56, 57, 58, 59, 61, 64, 67, 69, 70, 73, 75, 76, 78, 81, 85, 87, 90, 93, 94, 98, 103, 105, 111, 112, 113, 117, 118, 119, 121, 122, 124, 127, 128, 129, 130, 132, 134, 140, 141, 142, 146, 148, 149, 150, 153, 154, 155, 156, 157, 158, 168, 169, 170, 172, 174, 176, 177, 181, 184, 185, 186, 187, 188, 189, 191, 192, 197, 200, 202, 206, 210, 211, 215, 216, 217, 219, 220, 223, 227, 228, 235, 236, 240, 244, 246, 248, 250, 251, 252, 253, 254, 255, 260, 261, 262, 264, 265, 267, 269, 271, 273, 274, 276, 277, 278, 279, 280, 281, 282, 283, 284, 285, 286, 287, 288, 289, 290, 291, 292, 296, 298, 299, 301, 302, 303, 304, 306, 312, 316, 319, 320, 321, 324, 327, 333, 335, 336, 337]",163
67,"[2, 3, 4, 10, 11, 14, 15, 16, 18, 20, 23, 24, 25, 27, 28, 29, 33, 37, 38, 44, 48, 50, 51, 52, 55, 56, 57, 58, 59, 61, 64, 67, 69, 70, 73, 75, 76, 78, 81, 85, 87, 90, 93, 94, 98, 103, 105, 111, 112, 113, 117, 118, 119, 121, 122, 124, 127, 128, 129, 130, 132, 134, 140, 141, 142, 146, 148, 149, 150, 153, 154, 155, 156, 157, 158, 168, 169, 170, 172, 174, 176, 177, 181, 184, 185, 186, 187, 188, 189, 191, 192, 197, 200, 202, 206, 210, 211, 215, 216, 217, 219, 220, 223, 227, 228, 235, 236, 240, 244, 246, 248, 250, 251, 252, 253, 254, 255, 260, 261, 262, 264, 265, 267, 269, 271, 273, 274, 276, 277, 278, 279, 280, 281, 282, 283, 284, 285, 286, 287, 288, 289, 290, 291, 292, 296, 298, 299, 301, 302, 303, 304, 306, 312, 316, 319, 320, 321, 324, 327, 333, 335, 336, 337]",163
68,"[0, 1, 5, 6, 7, 8, 9, 12, 13, 17, 19, 21, 22, 26, 30, 31, 32, 34, 35, 36, 39, 40, 41, 42, 43, 45, 46, 47, 49, 53, 54, 60, 62, 63, 65, 66, 68, 71, 72, 74, 77, 79, 80, 82, 83, 84, 86, 88, 89, 91, 92, 95, 96, 97, 99, 100, 101, 102, 104, 106, 107, 108, 109, 110, 114, 115, 116, 120, 123, 125, 126, 131, 133, 135, 136, 137, 138, 139, 143, 144, 145, 147, 151, 152, 159, 160, 161, 162, 163, 164, 165, 166, 167, 171, 173, 175, 178, 179, 180, 182, 183, 190, 193, 194, 195, 196, 198, 199, 201, 203, 204, 205, 207, 208, 209, 212, 213, 214, 218, 221, 222, 224, 225, 226, 229, 230, 231, 232, 233, 234, 237, 238, 239, 241, 242, 243, 245, 247, 249, 256, 257, 258, 259, 263, 266, 268, 270, 272, 275, 293, 294, 295, 297, 300, 305, 307, 308, 309, 310, 311, 313, 314, 315, 317, 318, 322, 323, 325, 326, 328, 329, 330, 331, 332, 334, 338]",176
69,"[2, 3, 4, 10, 11, 14, 15, 16, 18, 20, 23, 24, 25, 27, 28, 29, 33, 37, 38, 44, 48, 50, 51, 52, 55, 56, 57, 58, 59, 61, 64, 67, 69, 70, 73, 75, 76, 78, 81, 85, 87, 90, 93, 94, 98, 103, 105, 111, 112, 113, 117, 118, 119, 121, 122, 124, 127, 128, 129, 130, 132, 134, 140, 141, 142, 146, 148, 149, 150, 153, 154, 155, 156, 157, 158, 168, 169, 170, 172, 174, 176, 177, 181, 184, 185, 186, 187, 188, 189, 191, 192, 197, 200, 202, 206, 210, 211, 215, 216, 217, 219, 220, 223, 227, 228, 235, 236, 240, 244, 246, 248, 250, 251, 252, 253, 254, 255, 260, 261, 262, 264, 265, 267, 269, 271, 273, 274, 276, 277, 278, 279, 280, 281, 282, 283, 284, 285, 286, 287, 288, 289, 290, 291, 292, 296, 298, 299, 301, 302, 303, 304, 306, 312, 316, 319, 320, 321, 324, 327, 333, 335, 336, 337]",163
70,"[2, 3, 4, 10, 11, 14, 15, 16, 18, 20, 23, 24, 25, 27, 28, 29, 33, 37, 38, 44, 48, 50, 51, 52, 55, 56, 57, 58, 59, 61, 64, 67, 69, 70, 73, 75, 76, 78, 81, 85, 87, 90, 93, 94, 98, 103, 105, 111, 112, 113, 117, 118, 119, 121, 122, 124, 127, 128, 129, 130, 132, 134, 140, 141, 142, 146, 148, 149, 150, 153, 154, 155, 156, 157, 158, 168, 169, 170, 172, 174, 176, 177, 181, 184, 185, 186, 187, 188, 189, 191, 192, 197, 200, 202, 206, 210, 211, 215, 216, 217, 219, 220, 223, 227, 228, 235, 236, 240, 244, 246, 248, 250, 251, 252, 253, 254, 255, 260, 261, 262, 264, 265, 267, 269, 271, 273, 274, 276, 277, 278, 279, 280, 281, 282, 283, 284, 285, 286, 287, 288, 289, 290, 291, 292, 296, 298, 299, 301, 302, 303, 304, 306, 312, 316, 319, 320, 321, 324, 327, 333, 335, 336, 337]",163
71,"[0, 1, 5, 6, 7, 8, 9, 12, 13, 17, 19, 21, 22, 26, 30, 31, 32, 34, 35, 36, 39, 40, 41, 42, 43, 45, 46, 47, 49, 53, 54, 60, 62, 63, 65, 66, 68, 71, 72, 74, 77, 79, 80, 82, 83, 84, 86, 88, 89, 91, 92, 95, 96, 97, 99, 100, 101, 102, 104, 106, 107, 108, 109, 110, 114, 115, 116, 120, 123, 125, 126, 131, 133, 135, 136, 137, 138, 139, 143, 144, 145, 147, 151, 152, 159, 160, 161, 162, 163, 164, 165, 166, 167, 171, 173, 175, 178, 179, 180, 182, 183, 190, 193, 194, 195, 196, 198, 199, 201, 203, 204, 205, 207, 208, 209, 212, 213, 214, 218, 221, 222, 224, 225, 226, 229, 230, 231, 232, 233, 234, 237, 238, 239, 241, 242, 243, 245, 247, 249, 256, 257, 258, 259, 263, 266, 268, 270, 272, 275, 293, 294, 295, 297, 300, 305, 307, 308, 309, 310, 311, 313, 314, 315, 317, 318, 322, 323, 325, 326, 328, 329, 330, 331, 332, 334, 338]",176
72,"[2, 3, 4, 10, 11, 14, 15, 16, 18, 20, 23, 24, 25, 27, 28, 29, 33, 37, 38, 44, 48, 50, 51, 52, 55, 56, 57, 58, 59, 61, 64, 67, 69, 70, 73, 75, 76, 78, 81, 85, 87, 90, 93, 94, 98, 103, 105, 111, 112, 113, 117, 118, 119, 121, 122, 124, 127, 128, 129, 130, 132, 134, 140, 141, 142, 146, 148, 149, 150, 153, 154, 155, 156, 157, 158, 168, 169, 170, 172, 174, 176, 177, 181, 184, 185, 186, 187, 188, 189, 191, 192, 197, 200, 202, 206, 210, 211, 215, 216, 217, 219, 220, 223, 227, 228, 235, 236, 240, 244, 246, 248, 250, 251, 252, 253, 254, 255, 260, 261, 262, 264, 265, 267, 269, 271, 273, 274, 276, 277, 278, 279, 280, 281, 282, 283, 284, 285, 286, 287, 288, 289, 290, 291, 292, 296, 298, 299, 301, 302, 303, 304, 306, 312, 316, 319, 320, 321, 324, 327, 333, 335, 336, 337]",163
73,"[2, 3, 4, 10, 11, 14, 15, 16, 18, 20, 23, 24, 25, 27, 28, 29, 33, 37, 38, 44, 48, 50, 51, 52, 55, 56, 57, 58, 59, 61, 64, 67, 69, 70, 73, 75, 76, 78, 81, 85, 87, 90, 93, 94, 98, 103, 105, 111, 112, 113, 117, 118, 119, 121, 122, 124, 127, 128, 129, 130, 132, 134, 140, 141, 142, 146, 148, 149, 150, 153, 154, 155, 156, 157, 158, 168, 169, 170, 172, 174, 176, 177, 181, 184, 185, 186, 187, 188, 189, 191, 192, 197, 200, 202, 206, 210, 211, 215, 216, 217, 219, 220, 223, 227, 228, 235, 236, 240, 244, 246, 248, 250, 251, 252, 253, 254, 255, 260, 261, 262, 264, 265, 267, 269, 271, 273, 274, 276, 277, 278, 279, 280, 281, 282, 283, 284, 285, 286, 287, 288, 289, 290, 291, 292, 296, 298, 299, 301, 302, 303, 304, 306, 312, 316, 319, 320, 321, 324, 327, 333, 335, 336, 337]",163
74,"[0, 1, 5, 6, 7, 8, 9, 12, 13, 17, 19, 21, 22, 26, 30, 31, 32, 34, 35, 36, 39, 40, 41, 42, 43, 45, 46, 47, 49, 53, 54, 60, 62, 63, 65, 66, 68, 71, 72, 74, 77, 79, 80, 82, 83, 84, 86, 88, 89, 91, 92, 95, 96, 97, 99, 100, 101, 102, 104, 106, 107, 108, 109, 110, 114, 115, 116, 120, 123, 125, 126, 131, 133, 135, 136, 137, 138, 139, 143, 144, 145, 147, 151, 152, 159, 160, 161, 162, 163, 164, 165, 166, 167, 171, 173, 175, 178, 179, 180, 182, 183, 190, 193, 194, 195, 196, 198, 199, 201, 203, 204, 205, 207, 208, 209, 212, 213, 214, 218, 221, 222, 224, 225, 226, 229, 230, 231, 232, 233, 234, 237, 238, 239, 241, 242, 243, 245, 247, 249, 256, 257, 258, 259, 263, 266, 268, 270, 272, 275, 293, 294, 295, 297, 300, 305, 307, 308, 309, 310, 311, 313, 314, 315, 317, 318, 322, 323, 325, 326, 328, 329, 330, 331, 332, 334, 338]",176
75,"[0, 1, 5, 6, 7, 8, 9, 12, 13, 17, 19, 21, 22, 26, 30, 31, 32, 34, 35, 36, 39, 40, 41, 42, 43, 45, 46, 47, 49, 53, 54, 60, 62, 63, 65, 66, 68, 71, 72, 74, 77, 79, 80, 82, 83, 84, 86, 88, 89, 91, 92, 95, 96, 97, 99, 100, 101, 102, 104, 106, 107, 108, 109, 110, 114, 115, 116, 120, 123, 125, 126, 131, 133, 135, 136, 137, 138, 139, 143, 144, 145, 147, 151, 152, 159, 160, 161, 162, 163, 164, 165, 166, 167, 171, 173, 175, 178, 179, 180, 182, 183, 190, 193, 194, 195, 196, 198, 199, 201, 203, 204, 205, 207, 208, 209, 212, 213, 214, 218, 221, 222, 224, 225, 226, 229, 230, 231, 232, 233, 234, 237, 238, 239, 241, 242, 243, 245, 247, 249, 256, 257, 258, 259, 263, 266, 268, 270, 272, 275, 293, 294, 295, 297, 300, 305, 307, 308, 309, 310, 311, 313, 314, 315, 317, 318, 322, 323, 325, 326, 328, 329, 330, 331, 332, 334, 338]",176
76,"[0, 1, 5, 6, 7, 8, 9, 12, 13, 17, 19, 21, 22, 26, 30, 31, 32, 34, 35, 36, 39, 40, 41, 42, 43, 45, 46, 47, 49, 53, 54, 60, 62, 63, 65, 66, 68, 71, 72, 74, 77, 79, 80, 82, 83, 84, 86, 88, 89, 91, 92, 95, 96, 97, 99, 100, 101, 102, 104, 106, 107, 108, 109, 110, 114, 115, 116, 120, 123, 125, 126, 131, 133, 135, 136, 137, 138, 139, 143, 144, 145, 147, 151, 152, 159, 160, 161, 162, 163, 164, 165, 166, 167, 171, 173, 175, 178, 179, 180, 182, 183, 190, 193, 194, 195, 196, 198, 199, 201, 203, 204, 205, 207, 208, 209, 212, 213, 214, 218, 221, 222, 224, 225, 226, 229, 230, 231, 232, 233, 234, 237, 238, 239, 241, 242, 243, 245, 247, 249, 256, 257, 258, 259, 263, 266, 268, 270, 272, 275, 293, 294, 295, 297, 300, 305, 307, 308, 309, 310, 311, 313, 314, 315, 317, 318, 322, 323, 325, 326, 328, 329, 330, 331, 332, 334, 338]",176
77,"[0, 1, 5, 6, 7, 8, 9, 12, 13, 17, 19, 21, 22, 26, 30, 31, 32, 34, 35, 36, 39, 40, 41, 42, 43, 45, 46, 47, 49, 53, 54, 60, 62, 63, 65, 66, 68, 71, 72, 74, 77, 79, 80, 82, 83, 84, 86, 88, 89, 91, 92, 95, 96, 97, 99, 100, 101, 102, 104, 106, 107, 108, 109, 110, 114, 115, 116, 120, 123, 125, 126, 131, 133, 135, 136, 137, 138, 139, 143, 144, 145, 147, 151, 152, 159, 160, 161, 162, 163, 164, 165, 166, 167, 171, 173, 175, 178, 179, 180, 182, 183, 190, 193, 194, 195, 196, 198, 199, 201, 203, 204, 205, 207, 208, 209, 212, 213, 214, 218, 221, 222, 224, 225, 226, 229, 230, 231, 232, 233, 234, 237, 238, 239, 241, 242, 243, 245, 247, 249, 256, 257, 258, 259, 263, 266, 268, 270, 272, 275, 293, 294, 295, 297, 300, 305, 307, 308, 309, 310, 311, 313, 314, 315, 317, 318, 322, 323, 325, 326, 328, 329, 330, 331, 332, 334, 338]",176
78,"[0, 1, 5, 6, 7, 8, 9, 12, 13, 17, 19, 21, 22, 26, 30, 31, 32, 34, 35, 36, 39, 40, 41, 42, 43, 45, 46, 47, 49, 53, 54, 60, 62, 63, 65, 66, 68, 71, 72, 74, 77, 79, 80, 82, 83, 84, 86, 88, 89, 91, 92, 95, 96, 97, 99, 100, 101, 102, 104, 106, 107, 108, 109, 110, 114, 115, 116, 120, 123, 125, 126, 131, 133, 135, 136, 137, 138, 139, 143, 144, 145, 147, 151, 152, 159, 160, 161, 162, 163, 164, 165, 166, 167, 171, 173, 175, 178, 179, 180, 182, 183, 190, 193, 194, 195, 196, 198, 199, 201, 203, 204, 205, 207, 208, 209, 212, 213, 214, 218, 221, 222, 224, 225, 226, 229, 230, 231, 232, 233, 234, 237, 238, 239, 241, 242, 243, 245, 247, 249, 256, 257, 258, 259, 263, 266, 268, 270, 272, 275, 293, 294, 295, 297, 300, 305, 307, 308, 309, 310, 311, 313, 314, 315, 317, 318, 322, 323, 325, 326, 328, 329, 330, 331, 332, 334, 338]",176
79,"[0, 1, 5, 6, 7, 8, 9, 12, 13, 17, 19, 21, 22, 26, 30, 31, 32, 34, 35, 36, 39, 40, 41, 42, 43, 45, 46, 47, 49, 53, 54, 60, 62, 63, 65, 66, 68, 71, 72, 74, 77, 79, 80, 82, 83, 84, 86, 88, 89, 91, 92, 95, 96, 97, 99, 100, 101, 102, 104, 106, 107, 108, 109, 110, 114, 115, 116, 120, 123, 125, 126, 131, 133, 135, 136, 137, 138, 139, 143, 144, 145, 147, 151, 152, 159, 160, 161, 162, 163, 164, 165, 166, 167, 171, 173, 175, 178, 179, 180, 182, 183, 190, 193, 194, 195, 196, 198, 199, 201, 203, 204, 205, 207, 208, 209, 212, 213, 214, 218, 221, 222, 224, 225, 226, 229, 230, 231, 232, 233, 234, 237, 238, 239, 241, 242, 243, 245, 247, 249, 256, 257, 258, 259, 263, 266, 268, 270, 272, 275, 293, 294, 295, 297, 300, 305, 307, 308, 309, 310, 311, 313, 314, 315, 317, 318, 322, 323, 325, 326, 328, 329, 330, 331, 332, 334, 338]",176
80,"[0, 1, 5, 6, 7, 8, 9, 12, 13, 17, 19, 21, 22, 26, 30, 31, 32, 34, 35, 36, 39, 40, 41, 42, 43, 45, 46, 47, 49, 53, 54, 60, 62, 63, 65, 66, 68, 71, 72, 74, 77, 79, 80, 82, 83, 84, 86, 88, 89, 91, 92, 95, 96, 97, 99, 100, 101, 102, 104, 106, 107, 108, 109, 110, 114, 115, 116, 120, 123, 125, 126, 131, 133, 135, 136, 137, 138, 139, 143, 144, 145, 147, 151, 152, 159, 160, 161, 162, 163, 164, 165, 166, 167, 171, 173, 175, 178, 179, 180, 182, 183, 190, 193, 194, 195, 196, 198, 199, 201, 203, 204, 205, 207, 208, 209, 212, 213, 214, 218, 221, 222, 224, 225, 226, 229, 230, 231, 232, 233, 234, 237, 238, 239, 241, 242, 243, 245, 247, 249, 256, 257, 258, 259, 263, 266, 268, 270, 272, 275, 293, 294, 295, 297, 300, 305, 307, 308, 309, 310, 311, 313, 314, 315, 317, 318, 322, 323, 325, 326, 328, 329, 330, 331, 332, 334, 338]",176
81,"[0, 1, 5, 6, 7, 8, 9, 12, 13, 17, 19, 21, 22, 26, 30, 31, 32, 34, 35, 36, 39, 40, 41, 42, 43, 45, 46, 47, 49, 53, 54, 60, 62, 63, 65, 66, 68, 71, 72, 74, 77, 79, 80, 82, 83, 84, 86, 88, 89, 91, 92, 95, 96, 97, 99, 100, 101, 102, 104, 106, 107, 108, 109, 110, 114, 115, 116, 120, 123, 125, 126, 131, 133, 135, 136, 137, 138, 139, 143, 144, 145, 147, 151, 152, 159, 160, 161, 162, 163, 164, 165, 166, 167, 171, 173, 175, 178, 179, 180, 182, 183, 190, 193, 194, 195, 196, 198, 199, 201, 203, 204, 205, 207, 208, 209, 212, 213, 214, 218, 221, 222, 224, 225, 226, 229, 230, 231, 232, 233, 234, 237, 238, 239, 241, 242, 243, 245, 247, 249, 256, 257, 258, 259, 263, 266, 268, 270, 272, 275, 293, 294, 295, 297, 300, 305, 307, 308, 309, 310, 311, 313, 314, 315, 317, 318, 322, 323, 325, 326, 328, 329, 330, 331, 332, 334, 338]",176
82,"[0, 1, 5, 6, 7, 8, 9, 12, 13, 17, 19, 21, 22, 26, 30, 31, 32, 34, 35, 36, 39, 40, 41, 42, 43, 45, 46, 47, 49, 53, 54, 60, 62, 63, 65, 66, 68, 71, 72, 74, 77, 79, 80, 82, 83, 84, 86, 88, 89, 91, 92, 95, 96, 97, 99, 100, 101, 102, 104, 106, 107, 108, 109, 110, 114, 115, 116, 120, 123, 125, 126, 131, 133, 135, 136, 137, 138, 139, 143, 144, 145, 147, 151, 152, 159, 160, 161, 162, 163, 164, 165, 166, 167, 171, 173, 175, 178, 179, 180, 182, 183, 190, 193, 194, 195, 196, 198, 199, 201, 203, 204, 205, 207, 208, 209, 212, 213, 214, 218, 221, 222, 224, 225, 226, 229, 230, 231, 232, 233, 234, 237, 238, 239, 241, 242, 243, 245, 247, 249, 256, 257, 258, 259, 263, 266, 268, 270, 272, 275, 293, 294, 295, 297, 300, 305, 307, 308, 309, 310, 311, 313, 314, 315, 317, 318, 322, 323, 325, 326, 328, 329, 330, 331, 332, 334, 338]",176
83,"[0, 1, 5, 6, 7, 8, 9, 12, 13, 17, 19, 21, 22, 26, 30, 31, 32, 34, 35, 36, 39, 40, 41, 42, 43, 45, 46, 47, 49, 53, 54, 60, 62, 63, 65, 66, 68, 71, 72, 74, 77, 79, 80, 82, 83, 84, 86, 88, 89, 91, 92, 95, 96, 97, 99, 100, 101, 102, 104, 106, 107, 108, 109, 110, 114, 115, 116, 120, 123, 125, 126, 131, 133, 135, 136, 137, 138, 139, 143, 144, 145, 147, 151, 152, 159, 160, 161, 162, 163, 164, 165, 166, 167, 171, 173, 175, 178, 179, 180, 182, 183, 190, 193, 194, 195, 196, 198, 199, 201, 203, 204, 205, 207, 208, 209, 212, 213, 214, 218, 221, 222, 224, 225, 226, 229, 230, 231, 232, 233, 234, 237, 238, 239, 241, 242, 243, 245, 247, 249, 256, 257, 258, 259, 263, 266, 268, 270, 272, 275, 293, 294, 295, 297, 300, 305, 307, 308, 309, 310, 311, 313, 314, 315, 317, 318, 322, 323, 325, 326, 328, 329, 330, 331, 332, 334, 338]",176
84,"[2, 3, 4, 10, 11, 14, 15, 16, 18, 20, 23, 24, 25, 27, 28, 29, 33, 37, 38, 44, 48, 50, 51, 52, 55, 56, 57, 58, 59, 61, 64, 67, 69, 70, 73, 75, 76, 78, 81, 85, 87, 90, 93, 94, 98, 103, 105, 111, 112, 113, 117, 118, 119, 121, 122, 124, 127, 128, 129, 130, 132, 134, 140, 141, 142, 146, 148, 149, 150, 153, 154, 155, 156, 157, 158, 168, 169, 170, 172, 174, 176, 177, 181, 184, 185, 186, 187, 188, 189, 191, 192, 197, 200, 202, 206, 210, 211, 215, 216, 217, 219, 220, 223, 227, 228, 235, 236, 240, 244, 246, 248, 250, 251, 252, 253, 254, 255, 260, 261, 262, 264, 265, 267, 269, 271, 273, 274, 276, 277, 278, 279, 280, 281, 282, 283, 284, 285, 286, 287, 288, 289, 290, 291, 292, 296, 298, 299, 301, 302, 303, 304, 306, 312, 316, 319, 320, 321, 324, 327, 333, 335, 336, 337]",163
85,"[2, 3, 4, 10, 11, 14, 15, 16, 18, 20, 23, 24, 25, 27, 28, 29, 33, 37, 38, 44, 48, 50, 51, 52, 55, 56, 57, 58, 59, 61, 64, 67, 69, 70, 73, 75, 76, 78, 81, 85, 87, 90, 93, 94, 98, 103, 105, 111, 112, 113, 117, 118, 119, 121, 122, 124, 127, 128, 129, 130, 132, 134, 140, 141, 142, 146, 148, 149, 150, 153, 154, 155, 156, 157, 158, 168, 169, 170, 172, 174, 176, 177, 181, 184, 185, 186, 187, 188, 189, 191, 192, 197, 200, 202, 206, 210, 211, 215, 216, 217, 219, 220, 223, 227, 228, 235, 236, 240, 244, 246, 248, 250, 251, 252, 253, 254, 255, 260, 261, 262, 264, 265, 267, 269, 271, 273, 274, 276, 277, 278, 279, 280, 281, 282, 283, 284, 285, 286, 287, 288, 289, 290, 291, 292, 296, 298, 299, 301, 302, 303, 304, 306, 312, 316, 319, 320, 321, 324, 327, 333, 335, 336, 337]",163
86,"[2, 3, 4, 10, 11, 14, 15, 16, 18, 20, 23, 24, 25, 27, 28, 29, 33, 37, 38, 44, 48, 50, 51, 52, 55, 56, 57, 58, 59, 61, 64, 67, 69, 70, 73, 75, 76, 78, 81, 85, 87, 90, 93, 94, 98, 103, 105, 111, 112, 113, 117, 118, 119, 121, 122, 124, 127, 128, 129, 130, 132, 134, 140, 141, 142, 146, 148, 149, 150, 153, 154, 155, 156, 157, 158, 168, 169, 170, 172, 174, 176, 177, 181, 184, 185, 186, 187, 188, 189, 191, 192, 197, 200, 202, 206, 210, 211, 215, 216, 217, 219, 220, 223, 227, 228, 235, 236, 240, 244, 246, 248, 250, 251, 252, 253, 254, 255, 260, 261, 262, 264, 265, 267, 269, 271, 273, 274, 276, 277, 278, 279, 280, 281, 282, 283, 284, 285, 286, 287, 288, 289, 290, 291, 292, 296, 298, 299, 301, 302, 303, 304, 306, 312, 316, 319, 320, 321, 324, 327, 333, 335, 336, 337]",163
87,"[0, 1, 5, 6, 7, 8, 9, 12, 13, 17, 19, 21, 22, 26, 30, 31, 32, 34, 35, 36, 39, 40, 41, 42, 43, 45, 46, 47, 49, 53, 54, 60, 62, 63, 65, 66, 68, 71, 72, 74, 77, 79, 80, 82, 83, 84, 86, 88, 89, 91, 92, 95, 96, 97, 99, 100, 101, 102, 104, 106, 107, 108, 109, 110, 114, 115, 116, 120, 123, 125, 126, 131, 133, 135, 136, 137, 138, 139, 143, 144, 145, 147, 151, 152, 159, 160, 161, 162, 163, 164, 165, 166, 167, 171, 173, 175, 178, 179, 180, 182, 183, 190, 193, 194, 195, 196, 198, 199, 201, 203, 204, 205, 207, 208, 209, 212, 213, 214, 218, 221, 222, 224, 225, 226, 229, 230, 231, 232, 233, 234, 237, 238, 239, 241, 242, 243, 245, 247, 249, 256, 257, 258, 259, 263, 266, 268, 270, 272, 275, 293, 294, 295, 297, 300, 305, 307, 308, 309, 310, 311, 313, 314, 315, 317, 318, 322, 323, 325, 326, 328, 329, 330, 331, 332, 334, 338]",176
88,"[2, 3, 4, 10, 11, 14, 15, 16, 18, 20, 23, 24, 25, 27, 28, 29, 33, 37, 38, 44, 48, 50, 51, 52, 55, 56, 57, 58, 59, 61, 64, 67, 69, 70, 73, 75, 76, 78, 81, 85, 87, 90, 93, 94, 98, 103, 105, 111, 112, 113, 117, 118, 119, 121, 122, 124, 127, 128, 129, 130, 132, 134, 140, 141, 142, 146, 148, 149, 150, 153, 154, 155, 156, 157, 158, 168, 169, 170, 172, 174, 176, 177, 181, 184, 185, 186, 187, 188, 189, 191, 192, 197, 200, 202, 206, 210, 211, 215, 216, 217, 219, 220, 223, 227, 228, 235, 236, 240, 244, 246, 248, 250, 251, 252, 253, 254, 255, 260, 261, 262, 264, 265, 267, 269, 271, 273, 274, 276, 277, 278, 279, 280, 281, 282, 283, 284, 285, 286, 287, 288, 289, 290, 291, 292, 296, 298, 299, 301, 302, 303, 304, 306, 312, 316, 319, 320, 321, 324, 327, 333, 335, 336, 337]",163
89,"[2, 3, 4, 10, 11, 14, 15, 16, 18, 20, 23, 24, 25, 27, 28, 29, 33, 37, 38, 44, 48, 50, 51, 52, 55, 56, 57, 58, 59, 61, 64, 67, 69, 70, 73, 75, 76, 78, 81, 85, 87, 90, 93, 94, 98, 103, 105, 111, 112, 113, 117, 118, 119, 121, 122, 124, 127, 128, 129, 130, 132, 134, 140, 141, 142, 146, 148, 149, 150, 153, 154, 155, 156, 157, 158, 168, 169, 170, 172, 174, 176, 177, 181, 184, 185, 186, 187, 188, 189, 191, 192, 197, 200, 202, 206, 210, 211, 215, 216, 217, 219, 220, 223, 227, 228, 235, 236, 240, 244, 246, 248, 250, 251, 252, 253, 254, 255, 260, 261, 262, 264, 265, 267, 269, 271, 273, 274, 276, 277, 278, 279, 280, 281, 282, 283, 284, 285, 286, 287, 288, 289, 290, 291, 292, 296, 298, 299, 301, 302, 303, 304, 306, 312, 316, 319, 320, 321, 324, 327, 333, 335, 336, 337]",163
90,"[0, 1, 5, 6, 7, 8, 9, 12, 13, 17, 19, 21, 22, 26, 30, 31, 32, 34, 35, 36, 39, 40, 41, 42, 43, 45, 46, 47, 49, 53, 54, 60, 62, 63, 65, 66, 68, 71, 72, 74, 77, 79, 80, 82, 83, 84, 86, 88, 89, 91, 92, 95, 96, 97, 99, 100, 101, 102, 104, 106, 107, 108, 109, 110, 114, 115, 116, 120, 123, 125, 126, 131, 133, 135, 136, 137, 138, 139, 143, 144, 145, 147, 151, 152, 159, 160, 161, 162, 163, 164, 165, 166, 167, 171, 173, 175, 178, 179, 180, 182, 183, 190, 193, 194, 195, 196, 198, 199, 201, 203, 204, 205, 207, 208, 209, 212, 213, 214, 218, 221, 222, 224, 225, 226, 229, 230, 231, 232, 233, 234, 237, 238, 239, 241, 242, 243, 245, 247, 249, 256, 257, 258, 259, 263, 266, 268, 270, 272, 275, 293, 294, 295, 297, 300, 305, 307, 308, 309, 310, 311, 313, 314, 315, 317, 318, 322, 323, 325, 326, 328, 329, 330, 331, 332, 334, 338]",176
91,"[0, 1, 5, 6, 7, 8, 9, 12, 13, 17, 19, 21, 22, 26, 30, 31, 32, 34, 35, 36, 39, 40, 41, 42, 43, 45, 46, 47, 49, 53, 54, 60, 62, 63, 65, 66, 68, 71, 72, 74, 77, 79, 80, 82, 83, 84, 86, 88, 89, 91, 92, 95, 96, 97, 99, 100, 101, 102, 104, 106, 107, 108, 109, 110, 114, 115, 116, 120, 123, 125, 126, 131, 133, 135, 136, 137, 138, 139, 143, 144, 145, 147, 151, 152, 159, 160, 161, 162, 163, 164, 165, 166, 167, 171, 173, 175, 178, 179, 180, 182, 183, 190, 193, 194, 195, 196, 198, 199, 201, 203, 204, 205, 207, 208, 209, 212, 213, 214, 218, 221, 222, 224, 225, 226, 229, 230, 231, 232, 233, 234, 237, 238, 239, 241, 242, 243, 245, 247, 249, 256, 257, 258, 259, 263, 266, 268, 270, 272, 275, 293, 294, 295, 297, 300, 305, 307, 308, 309, 310, 311, 313, 314, 315, 317, 318, 322, 323, 325, 326, 328, 329, 330, 331, 332, 334, 338]",176
92,"[0, 1, 5, 6, 7, 8, 9, 12, 13, 17, 19, 21, 22, 26, 30, 31, 32, 34, 35, 36, 39, 40, 41, 42, 43, 45, 46, 47, 49, 53, 54, 60, 62, 63, 65, 66, 68, 71, 72, 74, 77, 79, 80, 82, 83, 84, 86, 88, 89, 91, 92, 95, 96, 97, 99, 100, 101, 102, 104, 106, 107, 108, 109, 110, 114, 115, 116, 120, 123, 125, 126, 131, 133, 135, 136, 137, 138, 139, 143, 144, 145, 147, 151, 152, 159, 160, 161, 162, 163, 164, 165, 166, 167, 171, 173, 175, 178, 179, 180, 182, 183, 190, 193, 194, 195, 196, 198, 199, 201, 203, 204, 205, 207, 208, 209, 212, 213, 214, 218, 221, 222, 224, 225, 226, 229, 230, 231, 232, 233, 234, 237, 238, 239, 241, 242, 243, 245, 247, 249, 256, 257, 258, 259, 263, 266, 268, 270, 272, 275, 293, 294, 295, 297, 300, 305, 307, 308, 309, 310, 311, 313, 314, 315, 317, 318, 322, 323, 325, 326, 328, 329, 330, 331, 332, 334, 338]",176
93,"[0, 1, 5, 6, 7, 8, 9, 12, 13, 17, 19, 21, 22, 26, 30, 31, 32, 34, 35, 36, 39, 40, 41, 42, 43, 45, 46, 47, 49, 53, 54, 60, 62, 63, 65, 66, 68, 71, 72, 74, 77, 79, 80, 82, 83, 84, 86, 88, 89, 91, 92, 95, 96, 97, 99, 100, 101, 102, 104, 106, 107, 108, 109, 110, 114, 115, 116, 120, 123, 125, 126, 131, 133, 135, 136, 137, 138, 139, 143, 144, 145, 147, 151, 152, 159, 160, 161, 162, 163, 164, 165, 166, 167, 171, 173, 175, 178, 179, 180, 182, 183, 190, 193, 194, 195, 196, 198, 199, 201, 203, 204, 205, 207, 208, 209, 212, 213, 214, 218, 221, 222, 224, 225, 226, 229, 230, 231, 232, 233, 234, 237, 238, 239, 241, 242, 243, 245, 247, 249, 256, 257, 258, 259, 263, 266, 268, 270, 272, 275, 293, 294, 295, 297, 300, 305, 307, 308, 309, 310, 311, 313, 314, 315, 317, 318, 322, 323, 325, 326, 328, 329, 330, 331, 332, 334, 338]",176
94,"[0, 1, 5, 6, 7, 8, 9, 12, 13, 17, 19, 21, 22, 26, 30, 31, 32, 34, 35, 36, 39, 40, 41, 42, 43, 45, 46, 47, 49, 53, 54, 60, 62, 63, 65, 66, 68, 71, 72, 74, 77, 79, 80, 82, 83, 84, 86, 88, 89, 91, 92, 95, 96, 97, 99, 100, 101, 102, 104, 106, 107, 108, 109, 110, 114, 115, 116, 120, 123, 125, 126, 131, 133, 135, 136, 137, 138, 139, 143, 144, 145, 147, 151, 152, 159, 160, 161, 162, 163, 164, 165, 166, 167, 171, 173, 175, 178, 179, 180, 182, 183, 190, 193, 194, 195, 196, 198, 199, 201, 203, 204, 205, 207, 208, 209, 212, 213, 214, 218, 221, 222, 224, 225, 226, 229, 230, 231, 232, 233, 234, 237, 238, 239, 241, 242, 243, 245, 247, 249, 256, 257, 258, 259, 263, 266, 268, 270, 272, 275, 293, 294, 295, 297, 300, 305, 307, 308, 309, 310, 311, 313, 314, 315, 317, 318, 322, 323, 325, 326, 328, 329, 330, 331, 332, 334, 338]",176
95,"[2, 3, 4, 10, 11, 14, 15, 16, 18, 20, 23, 24, 25, 27, 28, 29, 33, 37, 38, 44, 48, 50, 51, 52, 55, 56, 57, 58, 59, 61, 64, 67, 69, 70, 73, 75, 76, 78, 81, 85, 87, 90, 93, 94, 98, 103, 105, 111, 112, 113, 117, 118, 119, 121, 122, 124, 127, 128, 129, 130, 132, 134, 140, 141, 142, 146, 148, 149, 150, 153, 154, 155, 156, 157, 158, 168, 169, 170, 172, 174, 176, 177, 181, 184, 185, 186, 187, 188, 189, 191, 192, 197, 200, 202, 206, 210, 211, 215, 216, 217, 219, 220, 223, 227, 228, 235, 236, 240, 244, 246, 248, 250, 251, 252, 253, 254, 255, 260, 261, 262, 264, 265, 267, 269, 271, 273, 274, 276, 277, 278, 279, 280, 281, 282, 283, 284, 285, 286, 287, 288, 289, 290, 291, 292, 296, 298, 299, 301, 302, 303, 304, 306, 312, 316, 319, 320, 321, 324, 327, 333, 335, 336, 337]",163
96,"[0, 1, 5, 6, 7, 8, 9, 12, 13, 17, 19, 21, 22, 26, 30, 31, 32, 34, 35, 36, 39, 40, 41, 42, 43, 45, 46, 47, 49, 53, 54, 60, 62, 63, 65, 66, 68, 71, 72, 74, 77, 79, 80, 82, 83, 84, 86, 88, 89, 91, 92, 95, 96, 97, 99, 100, 101, 102, 104, 106, 107, 108, 109, 110, 114, 115, 116, 120, 123, 125, 126, 131, 133, 135, 136, 137, 138, 139, 143, 144, 145, 147, 151, 152, 159, 160, 161, 162, 163, 164, 165, 166, 167, 171, 173, 175, 178, 179, 180, 182, 183, 190, 193, 194, 195, 196, 198, 199, 201, 203, 204, 205, 207, 208, 209, 212, 213, 214, 218, 221, 222, 224, 225, 226, 229, 230, 231, 232, 233, 234, 237, 238, 239, 241, 242, 243, 245, 247, 249, 256, 257, 258, 259, 263, 266, 268, 270, 272, 275, 293, 294, 295, 297, 300, 305, 307, 308, 309, 310, 311, 313, 314, 315, 317, 318, 322, 323, 325, 326, 328, 329, 330, 331, 332, 334, 338]",176
97,"[2, 3, 4, 10, 11, 14, 15, 16, 18, 20, 23, 24, 25, 27, 28, 29, 33, 37, 38, 44, 48, 50, 51, 52, 55, 56, 57, 58, 59, 61, 64, 67, 69, 70, 73, 75, 76, 78, 81, 85, 87, 90, 93, 94, 98, 103, 105, 111, 112, 113, 117, 118, 119, 121, 122, 124, 127, 128, 129, 130, 132, 134, 140, 141, 142, 146, 148, 149, 150, 153, 154, 155, 156, 157, 158, 168, 169, 170, 172, 174, 176, 177, 181, 184, 185, 186, 187, 188, 189, 191, 192, 197, 200, 202, 206, 210, 211, 215, 216, 217, 219, 220, 223, 227, 228, 235, 236, 240, 244, 246, 248, 250, 251, 252, 253, 254, 255, 260, 261, 262, 264, 265, 267, 269, 271, 273, 274, 276, 277, 278, 279, 280, 281, 282, 283, 284, 285, 286, 287, 288, 289, 290, 291, 292, 296, 298, 299, 301, 302, 303, 304, 306, 312, 316, 319, 320, 321, 324, 327, 333, 335, 336, 337]",163
98,"[0, 1, 5, 6, 7, 8, 9, 12, 13, 17, 19, 21, 22, 26, 30, 31, 32, 34, 35, 36, 39, 40, 41, 42, 43, 45, 46, 47, 49, 53, 54, 60, 62, 63, 65, 66, 68, 71, 72, 74, 77, 79, 80, 82, 83, 84, 86, 88, 89, 91, 92, 95, 96, 97, 99, 100, 101, 102, 104, 106, 107, 108, 109, 110, 114, 115, 116, 120, 123, 125, 126, 131, 133, 135, 136, 137, 138, 139, 143, 144, 145, 147, 151, 152, 159, 160, 161, 162, 163, 164, 165, 166, 167, 171, 173, 175, 178, 179, 180, 182, 183, 190, 193, 194, 195, 196, 198, 199, 201, 203, 204, 205, 207, 208, 209, 212, 213, 214, 218, 221, 222, 224, 225, 226, 229, 230, 231, 232, 233, 234, 237, 238, 239, 241, 242, 243, 245, 247, 249, 256, 257, 258, 259, 263, 266, 268, 270, 272, 275, 293, 294, 295, 297, 300, 305, 307, 308, 309, 310, 311, 313, 314, 315, 317, 318, 322, 323, 325, 326, 328, 329, 330, 331, 332, 334, 338]",176
99,"[0, 1, 5, 6, 7, 8, 9, 12, 13, 17, 19, 21, 22, 26, 30, 31, 32, 34, 35, 36, 39, 40, 41, 42, 43, 45, 46, 47, 49, 53, 54, 60, 62, 63, 65, 66, 68, 71, 72, 74, 77, 79, 80, 82, 83, 84, 86, 88, 89, 91, 92, 95, 96, 97, 99, 100, 101, 102, 104, 106, 107, 108, 109, 110, 114, 115, 116, 120, 123, 125, 126, 131, 133, 135, 136, 137, 138, 139, 143, 144, 145, 147, 151, 152, 159, 160, 161, 162, 163, 164, 165, 166, 167, 171, 173, 175, 178, 179, 180, 182, 183, 190, 193, 194, 195, 196, 198, 199, 201, 203, 204, 205, 207, 208, 209, 212, 213, 214, 218, 221, 222, 224, 225, 226, 229, 230, 231, 232, 233, 234, 237, 238, 239, 241, 242, 243, 245, 247, 249, 256, 257, 258, 259, 263, 266, 268, 270, 272, 275, 293, 294, 295, 297, 300, 305, 307, 308, 309, 310, 311, 313, 314, 315, 317, 318, 322, 323, 325, 326, 328, 329, 330, 331, 332, 334, 338]",176
100,"[2, 3, 4, 10, 11, 14, 15, 16, 18, 20, 23, 24, 25, 27, 28, 29, 33, 37, 38, 44, 48, 50, 51, 52, 55, 56, 57, 58, 59, 61, 64, 67, 69, 70, 73, 75, 76, 78, 81, 85, 87, 90, 93, 94, 98, 103, 105, 111, 112, 113, 117, 118, 119, 121, 122, 124, 127, 128, 129, 130, 132, 134, 140, 141, 142, 146, 148, 149, 150, 153, 154, 155, 156, 157, 158, 168, 169, 170, 172, 174, 176, 177, 181, 184, 185, 186, 187, 188, 189, 191, 192, 197, 200, 202, 206, 210, 211, 215, 216, 217, 219, 220, 223, 227, 228, 235, 236, 240, 244, 246, 248, 250, 251, 252, 253, 254, 255, 260, 261, 262, 264, 265, 267, 269, 271, 273, 274, 276, 277, 278, 279, 280, 281, 282, 283, 284, 285, 286, 287, 288, 289, 290, 291, 292, 296, 298, 299, 301, 302, 303, 304, 306, 312, 316, 319, 320, 321, 324, 327, 333, 335, 336, 337]",163
101,"[0, 1, 5, 6, 7, 8, 9, 12, 13, 17, 19, 21, 22, 26, 30, 31, 32, 34, 35, 36, 39, 40, 41, 42, 43, 45, 46, 47, 49, 53, 54, 60, 62, 63, 65, 66, 68, 71, 72, 74, 77, 79, 80, 82, 83, 84, 86, 88, 89, 91, 92, 95, 96, 97, 99, 100, 101, 102, 104, 106, 107, 108, 109, 110, 114, 115, 116, 120, 123, 125, 126, 131, 133, 135, 136, 137, 138, 139, 143, 144, 145, 147, 151, 152, 159, 160, 161, 162, 163, 164, 165, 166, 167, 171, 173, 175, 178, 179, 180, 182, 183, 190, 193, 194, 195, 196, 198, 199, 201, 203, 204, 205, 207, 208, 209, 212, 213, 214, 218, 221, 222, 224, 225, 226, 229, 230, 231, 232, 233, 234, 237, 238, 239, 241, 242, 243, 245, 247, 249, 256, 257, 258, 259, 263, 266, 268, 270, 272, 275, 293, 294, 295, 297, 300, 305, 307, 308, 309, 310, 311, 313, 314, 315, 317, 318, 322, 323, 325, 326, 328, 329, 330, 331, 332, 334, 338]",176
102,"[0, 1, 5, 6, 7, 8, 9, 12, 13, 17, 19, 21, 22, 26, 30, 31, 32, 34, 35, 36, 39, 40, 41, 42, 43, 45, 46, 47, 49, 53, 54, 60, 62, 63, 65, 66, 68, 71, 72, 74, 77, 79, 80, 82, 83, 84, 86, 88, 89, 91, 92, 95, 96, 97, 99, 100, 101, 102, 104, 106, 107, 108, 109, 110, 114, 115, 116, 120, 123, 125, 126, 131, 133, 135, 136, 137, 138, 139, 143, 144, 145, 147, 151, 152, 159, 160, 161, 162, 163, 164, 165, 166, 167, 171, 173, 175, 178, 179, 180, 182, 183, 190, 193, 194, 195, 196, 198, 199, 201, 203, 204, 205, 207, 208, 209, 212, 213, 214, 218, 221, 222, 224, 225, 226, 229, 230, 231, 232, 233, 234, 237, 238, 239, 241, 242, 243, 245, 247, 249, 256, 257, 258, 259, 263, 266, 268, 270, 272, 275, 293, 294, 295, 297, 300, 305, 307, 308, 309, 310, 311, 313, 314, 315, 317, 318, 322, 323, 325, 326, 328, 329, 330, 331, 332, 334, 338]",176
103,"[0, 1, 5, 6, 7, 8, 9, 12, 13, 17, 19, 21, 22, 26, 30, 31, 32, 34, 35, 36, 39, 40, 41, 42, 43, 45, 46, 47, 49, 53, 54, 60, 62, 63, 65, 66, 68, 71, 72, 74, 77, 79, 80, 82, 83, 84, 86, 88, 89, 91, 92, 95, 96, 97, 99, 100, 101, 102, 104, 106, 107, 108, 109, 110, 114, 115, 116, 120, 123, 125, 126, 131, 133, 135, 136, 137, 138, 139, 143, 144, 145, 147, 151, 152, 159, 160, 161, 162, 163, 164, 165, 166, 167, 171, 173, 175, 178, 179, 180, 182, 183, 190, 193, 194, 195, 196, 198, 199, 201, 203, 204, 205, 207, 208, 209, 212, 213, 214, 218, 221, 222, 224, 225, 226, 229, 230, 231, 232, 233, 234, 237, 238, 239, 241, 242, 243, 245, 247, 249, 256, 257, 258, 259, 263, 266, 268, 270, 272, 275, 293, 294, 295, 297, 300, 305, 307, 308, 309, 310, 311, 313, 314, 315, 317, 318, 322, 323, 325, 326, 328, 329, 330, 331, 332, 334, 338]",176
104,"[0, 1, 5, 6, 7, 8, 9, 12, 13, 17, 19, 21, 22, 26, 30, 31, 32, 34, 35, 36, 39, 40, 41, 42, 43, 45, 46, 47, 49, 53, 54, 60, 62, 63, 65, 66, 68, 71, 72, 74, 77, 79, 80, 82, 83, 84, 86, 88, 89, 91, 92, 95, 96, 97, 99, 100, 101, 102, 104, 106, 107, 108, 109, 110, 114, 115, 116, 120, 123, 125, 126, 131, 133, 135, 136, 137, 138, 139, 143, 144, 145, 147, 151, 152, 159, 160, 161, 162, 163, 164, 165, 166, 167, 171, 173, 175, 178, 179, 180, 182, 183, 190, 193, 194, 195, 196, 198, 199, 201, 203, 204, 205, 207, 208, 209, 212, 213, 214, 218, 221, 222, 224, 225, 226, 229, 230, 231, 232, 233, 234, 237, 238, 239, 241, 242, 243, 245, 247, 249, 256, 257, 258, 259, 263, 266, 268, 270, 272, 275, 293, 294, 295, 297, 300, 305, 307, 308, 309, 310, 311, 313, 314, 315, 317, 318, 322, 323, 325, 326, 328, 329, 330, 331, 332, 334, 338]",176
105,"[0, 1, 5, 6, 7, 8, 9, 12, 13, 17, 19, 21, 22, 26, 30, 31, 32, 34, 35, 36, 39, 40, 41, 42, 43, 45, 46, 47, 49, 53, 54, 60, 62, 63, 65, 66, 68, 71, 72, 74, 77, 79, 80, 82, 83, 84, 86, 88, 89, 91, 92, 95, 96, 97, 99, 100, 101, 102, 104, 106, 107, 108, 109, 110, 114, 115, 116, 120, 123, 125, 126, 131, 133, 135, 136, 137, 138, 139, 143, 144, 145, 147, 151, 152, 159, 160, 161, 162, 163, 164, 165, 166, 167, 171, 173, 175, 178, 179, 180, 182, 183, 190, 193, 194, 195, 196, 198, 199, 201, 203, 204, 205, 207, 208, 209, 212, 213, 214, 218, 221, 222, 224, 225, 226, 229, 230, 231, 232, 233, 234, 237, 238, 239, 241, 242, 243, 245, 247, 249, 256, 257, 258, 259, 263, 266, 268, 270, 272, 275, 293, 294, 295, 297, 300, 305, 307, 308, 309, 310, 311, 313, 314, 315, 317, 318, 322, 323, 325, 326, 328, 329, 330, 331, 332, 334, 338]",176
106,"[2, 3, 4, 10, 11, 14, 15, 16, 18, 20, 23, 24, 25, 27, 28, 29, 33, 37, 38, 44, 48, 50, 51, 52, 55, 56, 57, 58, 59, 61, 64, 67, 69, 70, 73, 75, 76, 78, 81, 85, 87, 90, 93, 94, 98, 103, 105, 111, 112, 113, 117, 118, 119, 121, 122, 124, 127, 128, 129, 130, 132, 134, 140, 141, 142, 146, 148, 149, 150, 153, 154, 155, 156, 157, 158, 168, 169, 170, 172, 174, 176, 177, 181, 184, 185, 186, 187, 188, 189, 191, 192, 197, 200, 202, 206, 210, 211, 215, 216, 217, 219, 220, 223, 227, 228, 235, 236, 240, 244, 246, 248, 250, 251, 252, 253, 254, 255, 260, 261, 262, 264, 265, 267, 269, 271, 273, 274, 276, 277, 278, 279, 280, 281, 282, 283, 284, 285, 286, 287, 288, 289, 290, 291, 292, 296, 298, 299, 301, 302, 303, 304, 306, 312, 316, 319, 320, 321, 324, 327, 333, 335, 336, 337]",163
107,"[2, 3, 4, 10, 11, 14, 15, 16, 18, 20, 23, 24, 25, 27, 28, 29, 33, 37, 38, 44, 48, 50, 51, 52, 55, 56, 57, 58, 59, 61, 64, 67, 69, 70, 73, 75, 76, 78, 81, 85, 87, 90, 93, 94, 98, 103, 105, 111, 112, 113, 117, 118, 119, 121, 122, 124, 127, 128, 129, 130, 132, 134, 140, 141, 142, 146, 148, 149, 150, 153, 154, 155, 156, 157, 158, 168, 169, 170, 172, 174, 176, 177, 181, 184, 185, 186, 187, 188, 189, 191, 192, 197, 200, 202, 206, 210, 211, 215, 216, 217, 219, 220, 223, 227, 228, 235, 236, 240, 244, 246, 248, 250, 251, 252, 253, 254, 255, 260, 261, 262, 264, 265, 267, 269, 271, 273, 274, 276, 277, 278, 279, 280, 281, 282, 283, 284, 285, 286, 287, 288, 289, 290, 291, 292, 296, 298, 299, 301, 302, 303, 304, 306, 312, 316, 319, 320, 321, 324, 327, 333, 335, 336, 337]",163
108,"[2, 3, 4, 10, 11, 14, 15, 16, 18, 20, 23, 24, 25, 27, 28, 29, 33, 37, 38, 44, 48, 50, 51, 52, 55, 56, 57, 58, 59, 61, 64, 67, 69, 70, 73, 75, 76, 78, 81, 85, 87, 90, 93, 94, 98, 103, 105, 111, 112, 113, 117, 118, 119, 121, 122, 124, 127, 128, 129, 130, 132, 134, 140, 141, 142, 146, 148, 149, 150, 153, 154, 155, 156, 157, 158, 168, 169, 170, 172, 174, 176, 177, 181, 184, 185, 186, 187, 188, 189, 191, 192, 197, 200, 202, 206, 210, 211, 215, 216, 217, 219, 220, 223, 227, 228, 235, 236, 240, 244, 246, 248, 250, 251, 252, 253, 254, 255, 260, 261, 262, 264, 265, 267, 269, 271, 273, 274, 276, 277, 278, 279, 280, 281, 282, 283, 284, 285, 286, 287, 288, 289, 290, 291, 292, 296, 298, 299, 301, 302, 303, 304, 306, 312, 316, 319, 320, 321, 324, 327, 333, 335, 336, 337]",163
109,"[2, 3, 4, 10, 11, 14, 15, 16, 18, 20, 23, 24, 25, 27, 28, 29, 33, 37, 38, 44, 48, 50, 51, 52, 55, 56, 57, 58, 59, 61, 64, 67, 69, 70, 73, 75, 76, 78, 81, 85, 87, 90, 93, 94, 98, 103, 105, 111, 112, 113, 117, 118, 119, 121, 122, 124, 127, 128, 129, 130, 132, 134, 140, 141, 142, 146, 148, 149, 150, 153, 154, 155, 156, 157, 158, 168, 169, 170, 172, 174, 176, 177, 181, 184, 185, 186, 187, 188, 189, 191, 192, 197, 200, 202, 206, 210, 211, 215, 216, 217, 219, 220, 223, 227, 228, 235, 236, 240, 244, 246, 248, 250, 251, 252, 253, 254, 255, 260, 261, 262, 264, 265, 267, 269, 271, 273, 274, 276, 277, 278, 279, 280, 281, 282, 283, 284, 285, 286, 287, 288, 289, 290, 291, 292, 296, 298, 299, 301, 302, 303, 304, 306, 312, 316, 319, 320, 321, 324, 327, 333, 335, 336, 337]",163
110,"[2, 3, 4, 10, 11, 14, 15, 16, 18, 20, 23, 24, 25, 27, 28, 29, 33, 37, 38, 44, 48, 50, 51, 52, 55, 56, 57, 58, 59, 61, 64, 67, 69, 70, 73, 75, 76, 78, 81, 85, 87, 90, 93, 94, 98, 103, 105, 111, 112, 113, 117, 118, 119, 121, 122, 124, 127, 128, 129, 130, 132, 134, 140, 141, 142, 146, 148, 149, 150, 153, 154, 155, 156, 157, 158, 168, 169, 170, 172, 174, 176, 177, 181, 184, 185, 186, 187, 188, 189, 191, 192, 197, 200, 202, 206, 210, 211, 215, 216, 217, 219, 220, 223, 227, 228, 235, 236, 240, 244, 246, 248, 250, 251, 252, 253, 254, 255, 260, 261, 262, 264, 265, 267, 269, 271, 273, 274, 276, 277, 278, 279, 280, 281, 282, 283, 284, 285, 286, 287, 288, 289, 290, 291, 292, 296, 298, 299, 301, 302, 303, 304, 306, 312, 316, 319, 320, 321, 324, 327, 333, 335, 336, 337]",163
111,"[2, 3, 4, 10, 11, 14, 15, 16, 18, 20, 23, 24, 25, 27, 28, 29, 33, 37, 38, 44, 48, 50, 51, 52, 55, 56, 57, 58, 59, 61, 64, 67, 69, 70, 73, 75, 76, 78, 81, 85, 87, 90, 93, 94, 98, 103, 105, 111, 112, 113, 117, 118, 119, 121, 122, 124, 127, 128, 129, 130, 132, 134, 140, 141, 142, 146, 148, 149, 150, 153, 154, 155, 156, 157, 158, 168, 169, 170, 172, 174, 176, 177, 181, 184, 185, 186, 187, 188, 189, 191, 192, 197, 200, 202, 206, 210, 211, 215, 216, 217, 219, 220, 223, 227, 228, 235, 236, 240, 244, 246, 248, 250, 251, 252, 253, 254, 255, 260, 261, 262, 264, 265, 267, 269, 271, 273, 274, 276, 277, 278, 279, 280, 281, 282, 283, 284, 285, 286, 287, 288, 289, 290, 291, 292, 296, 298, 299, 301, 302, 303, 304, 306, 312, 316, 319, 320, 321, 324, 327, 333, 335, 336, 337]",163
112,"[2, 3, 4, 10, 11, 14, 15, 16, 18, 20, 23, 24, 25, 27, 28, 29, 33, 37, 38, 44, 48, 50, 51, 52, 55, 56, 57, 58, 59, 61, 64, 67, 69, 70, 73, 75, 76, 78, 81, 85, 87, 90, 93, 94, 98, 103, 105, 111, 112, 113, 117, 118, 119, 121, 122, 124, 127, 128, 129, 130, 132, 134, 140, 141, 142, 146, 148, 149, 150, 153, 154, 155, 156, 157, 158, 168, 169, 170, 172, 174, 176, 177, 181, 184, 185, 186, 187, 188, 189, 191, 192, 197, 200, 202, 206, 210, 211, 215, 216, 217, 219, 220, 223, 227, 228, 235, 236, 240, 244, 246, 248, 250, 251, 252, 253, 254, 255, 260, 261, 262, 264, 265, 267, 269, 271, 273, 274, 276, 277, 278, 279, 280, 281, 282, 283, 284, 285, 286, 287, 288, 289, 290, 291, 292, 296, 298, 299, 301, 302, 303, 304, 306, 312, 316, 319, 320, 321, 324, 327, 333, 335, 336, 337]",163
113,"[0, 1, 5, 6, 7, 8, 9, 12, 13, 17, 19, 21, 22, 26, 30, 31, 32, 34, 35, 36, 39, 40, 41, 42, 43, 45, 46, 47, 49, 53, 54, 60, 62, 63, 65, 66, 68, 71, 72, 74, 77, 79, 80, 82, 83, 84, 86, 88, 89, 91, 92, 95, 96, 97, 99, 100, 101, 102, 104, 106, 107, 108, 109, 110, 114, 115, 116, 120, 123, 125, 126, 131, 133, 135, 136, 137, 138, 139, 143, 144, 145, 147, 151, 152, 159, 160, 161, 162, 163, 164, 165, 166, 167, 171, 173, 175, 178, 179, 180, 182, 183, 190, 193, 194, 195, 196, 198, 199, 201, 203, 204, 205, 207, 208, 209, 212, 213, 214, 218, 221, 222, 224, 225, 226, 229, 230, 231, 232, 233, 234, 237, 238, 239, 241, 242, 243, 245, 247, 249, 256, 257, 258, 259, 263, 266, 268, 270, 272, 275, 293, 294, 295, 297, 300, 305, 307, 308, 309, 310, 311, 313, 314, 315, 317, 318, 322, 323, 325, 326, 328, 329, 330, 331, 332, 334, 338]",176
114,"[0, 1, 5, 6, 7, 8, 9, 12, 13, 17, 19, 21, 22, 26, 30, 31, 32, 34, 35, 36, 39, 40, 41, 42, 43, 45, 46, 47, 49, 53, 54, 60, 62, 63, 65, 66, 68, 71, 72, 74, 77, 79, 80, 82, 83, 84, 86, 88, 89, 91, 92, 95, 96, 97, 99, 100, 101, 102, 104, 106, 107, 108, 109, 110, 114, 115, 116, 120, 123, 125, 126, 131, 133, 135, 136, 137, 138, 139, 143, 144, 145, 147, 151, 152, 159, 160, 161, 162, 163, 164, 165, 166, 167, 171, 173, 175, 178, 179, 180, 182, 183, 190, 193, 194, 195, 196, 198, 199, 201, 203, 204, 205, 207, 208, 209, 212, 213, 214, 218, 221, 222, 224, 225, 226, 229, 230, 231, 232, 233, 234, 237, 238, 239, 241, 242, 243, 245, 247, 249, 256, 257, 258, 259, 263, 266, 268, 270, 272, 275, 293, 294, 295, 297, 300, 305, 307, 308, 309, 310, 311, 313, 314, 315, 317, 318, 322, 323, 325, 326, 328, 329, 330, 331, 332, 334, 338]",176
115,"[0, 1, 5, 6, 7, 8, 9, 12, 13, 17, 19, 21, 22, 26, 30, 31, 32, 34, 35, 36, 39, 40, 41, 42, 43, 45, 46, 47, 49, 53, 54, 60, 62, 63, 65, 66, 68, 71, 72, 74, 77, 79, 80, 82, 83, 84, 86, 88, 89, 91, 92, 95, 96, 97, 99, 100, 101, 102, 104, 106, 107, 108, 109, 110, 114, 115, 116, 120, 123, 125, 126, 131, 133, 135, 136, 137, 138, 139, 143, 144, 145, 147, 151, 152, 159, 160, 161, 162, 163, 164, 165, 166, 167, 171, 173, 175, 178, 179, 180, 182, 183, 190, 193, 194, 195, 196, 198, 199, 201, 203, 204, 205, 207, 208, 209, 212, 213, 214, 218, 221, 222, 224, 225, 226, 229, 230, 231, 232, 233, 234, 237, 238, 239, 241, 242, 243, 245, 247, 249, 256, 257, 258, 259, 263, 266, 268, 270, 272, 275, 293, 294, 295, 297, 300, 305, 307, 308, 309, 310, 311, 313, 314, 315, 317, 318, 322, 323, 325, 326, 328, 329, 330, 331, 332, 334, 338]",176
116,"[0, 1, 5, 6, 7, 8, 9, 12, 13, 17, 19, 21, 22, 26, 30, 31, 32, 34, 35, 36, 39, 40, 41, 42, 43, 45, 46, 47, 49, 53, 54, 60, 62, 63, 65, 66, 68, 71, 72, 74, 77, 79, 80, 82, 83, 84, 86, 88, 89, 91, 92, 95, 96, 97, 99, 100, 101, 102, 104, 106, 107, 108, 109, 110, 114, 115, 116, 120, 123, 125, 126, 131, 133, 135, 136, 137, 138, 139, 143, 144, 145, 147, 151, 152, 159, 160, 161, 162, 163, 164, 165, 166, 167, 171, 173, 175, 178, 179, 180, 182, 183, 190, 193, 194, 195, 196, 198, 199, 201, 203, 204, 205, 207, 208, 209, 212, 213, 214, 218, 221, 222, 224, 225, 226, 229, 230, 231, 232, 233, 234, 237, 238, 239, 241, 242, 243, 245, 247, 249, 256, 257, 258, 259, 263, 266, 268, 270, 272, 275, 293, 294, 295, 297, 300, 305, 307, 308, 309, 310, 311, 313, 314, 315, 317, 318, 322, 323, 325, 326, 328, 329, 330, 331, 332, 334, 338]",176
117,"[2, 3, 4, 10, 11, 14, 15, 16, 18, 20, 23, 24, 25, 27, 28, 29, 33, 37, 38, 44, 48, 50, 51, 52, 55, 56, 57, 58, 59, 61, 64, 67, 69, 70, 73, 75, 76, 78, 81, 85, 87, 90, 93, 94, 98, 103, 105, 111, 112, 113, 117, 118, 119, 121, 122, 124, 127, 128, 129, 130, 132, 134, 140, 141, 142, 146, 148, 149, 150, 153, 154, 155, 156, 157, 158, 168, 169, 170, 172, 174, 176, 177, 181, 184, 185, 186, 187, 188, 189, 191, 192, 197, 200, 202, 206, 210, 211, 215, 216, 217, 219, 220, 223, 227, 228, 235, 236, 240, 244, 246, 248, 250, 251, 252, 253, 254, 255, 260, 261, 262, 264, 265, 267, 269, 271, 273, 274, 276, 277, 278, 279, 280, 281, 282, 283, 284, 285, 286, 287, 288, 289, 290, 291, 292, 296, 298, 299, 301, 302, 303, 304, 306, 312, 316, 319, 320, 321, 324, 327, 333, 335, 336, 337]",163
118,"[0, 1, 5, 6, 7, 8, 9, 12, 13, 17, 19, 21, 22, 26, 30, 31, 32, 34, 35, 36, 39, 40, 41, 42, 43, 45, 46, 47, 49, 53, 54, 60, 62, 63, 65, 66, 68, 71, 72, 74, 77, 79, 80, 82, 83, 84, 86, 88, 89, 91, 92, 95, 96, 97, 99, 100, 101, 102, 104, 106, 107, 108, 109, 110, 114, 115, 116, 120, 123, 125, 126, 131, 133, 135, 136, 137, 138, 139, 143, 144, 145, 147, 151, 152, 159, 160, 161, 162, 163, 164, 165, 166, 167, 171, 173, 175, 178, 179, 180, 182, 183, 190, 193, 194, 195, 196, 198, 199, 201, 203, 204, 205, 207, 208, 209, 212, 213, 214, 218, 221, 222, 224, 225, 226, 229, 230, 231, 232, 233, 234, 237, 238, 239, 241, 242, 243, 245, 247, 249, 256, 257, 258, 259, 263, 266, 268, 270, 272, 275, 293, 294, 295, 297, 300, 305, 307, 308, 309, 310, 311, 313, 314, 315, 317, 318, 322, 323, 325, 326, 328, 329, 330, 331, 332, 334, 338]",176
119,"[0, 1, 5, 6, 7, 8, 9, 12, 13, 17, 19, 21, 22, 26, 30, 31, 32, 34, 35, 36, 39, 40, 41, 42, 43, 45, 46, 47, 49, 53, 54, 60, 62, 63, 65, 66, 68, 71, 72, 74, 77, 79, 80, 82, 83, 84, 86, 88, 89, 91, 92, 95, 96, 97, 99, 100, 101, 102, 104, 106, 107, 108, 109, 110, 114, 115, 116, 120, 123, 125, 126, 131, 133, 135, 136, 137, 138, 139, 143, 144, 145, 147, 151, 152, 159, 160, 161, 162, 163, 164, 165, 166, 167, 171, 173, 175, 178, 179, 180, 182, 183, 190, 193, 194, 195, 196, 198, 199, 201, 203, 204, 205, 207, 208, 209, 212, 213, 214, 218, 221, 222, 224, 225, 226, 229, 230, 231, 232, 233, 234, 237, 238, 239, 241, 242, 243, 245, 247, 249, 256, 257, 258, 259, 263, 266, 268, 270, 272, 275, 293, 294, 295, 297, 300, 305, 307, 308, 309, 310, 311, 313, 314, 315, 317, 318, 322, 323, 325, 326, 328, 329, 330, 331, 332, 334, 338]",176
120,"[2, 3, 4, 10, 11, 14, 15, 16, 18, 20, 23, 24, 25, 27, 28, 29, 33, 37, 38, 44, 48, 50, 51, 52, 55, 56, 57, 58, 59, 61, 64, 67, 69, 70, 73, 75, 76, 78, 81, 85, 87, 90, 93, 94, 98, 103, 105, 111, 112, 113, 117, 118, 119, 121, 122, 124, 127, 128, 129, 130, 132, 134, 140, 141, 142, 146, 148, 149, 150, 153, 154, 155, 156, 157, 158, 168, 169, 170, 172, 174, 176, 177, 181, 184, 185, 186, 187, 188, 189, 191, 192, 197, 200, 202, 206, 210, 211, 215, 216, 217, 219, 220, 223, 227, 228, 235, 236, 240, 244, 246, 248, 250, 251, 252, 253, 254, 255, 260, 261, 262, 264, 265, 267, 269, 271, 273, 274, 276, 277, 278, 279, 280, 281, 282, 283, 284, 285, 286, 287, 288, 289, 290, 291, 292, 296, 298, 299, 301, 302, 303, 304, 306, 312, 316, 319, 320, 321, 324, 327, 333, 335, 336, 337]",163
121,"[0, 1, 5, 6, 7, 8, 9, 12, 13, 17, 19, 21, 22, 26, 30, 31, 32, 34, 35, 36, 39, 40, 41, 42, 43, 45, 46, 47, 49, 53, 54, 60, 62, 63, 65, 66, 68, 71, 72, 74, 77, 79, 80, 82, 83, 84, 86, 88, 89, 91, 92, 95, 96, 97, 99, 100, 101, 102, 104, 106, 107, 108, 109, 110, 114, 115, 116, 120, 123, 125, 126, 131, 133, 135, 136, 137, 138, 139, 143, 144, 145, 147, 151, 152, 159, 160, 161, 162, 163, 164, 165, 166, 167, 171, 173, 175, 178, 179, 180, 182, 183, 190, 193, 194, 195, 196, 198, 199, 201, 203, 204, 205, 207, 208, 209, 212, 213, 214, 218, 221, 222, 224, 225, 226, 229, 230, 231, 232, 233, 234, 237, 238, 239, 241, 242, 243, 245, 247, 249, 256, 257, 258, 259, 263, 266, 268, 270, 272, 275, 293, 294, 295, 297, 300, 305, 307, 308, 309, 310, 311, 313, 314, 315, 317, 318, 322, 323, 325, 326, 328, 329, 330, 331, 332, 334, 338]",176
122,"[2, 3, 4, 10, 11, 14, 15, 16, 18, 20, 23, 24, 25, 27, 28, 29, 33, 37, 38, 44, 48, 50, 51, 52, 55, 56, 57, 58, 59, 61, 64, 67, 69, 70, 73, 75, 76, 78, 81, 85, 87, 90, 93, 94, 98, 103, 105, 111, 112, 113, 117, 118, 119, 121, 122, 124, 127, 128, 129, 130, 132, 134, 140, 141, 142, 146, 148, 149, 150, 153, 154, 155, 156, 157, 158, 168, 169, 170, 172, 174, 176, 177, 181, 184, 185, 186, 187, 188, 189, 191, 192, 197, 200, 202, 206, 210, 211, 215, 216, 217, 219, 220, 223, 227, 228, 235, 236, 240, 244, 246, 248, 250, 251, 252, 253, 254, 255, 260, 261, 262, 264, 265, 267, 269, 271, 273, 274, 276, 277, 278, 279, 280, 281, 282, 283, 284, 285, 286, 287, 288, 289, 290, 291, 292, 296, 298, 299, 301, 302, 303, 304, 306, 312, 316, 319, 320, 321, 324, 327, 333, 335, 336, 337]",163
123,"[0, 1, 5, 6, 7, 8, 9, 12, 13, 17, 19, 21, 22, 26, 30, 31, 32, 34, 35, 36, 39, 40, 41, 42, 43, 45, 46, 47, 49, 53, 54, 60, 62, 63, 65, 66, 68, 71, 72, 74, 77, 79, 80, 82, 83, 84, 86, 88, 89, 91, 92, 95, 96, 97, 99, 100, 101, 102, 104, 106, 107, 108, 109, 110, 114, 115, 116, 120, 123, 125, 126, 131, 133, 135, 136, 137, 138, 139, 143, 144, 145, 147, 151, 152, 159, 160, 161, 162, 163, 164, 165, 166, 167, 171, 173, 175, 178, 179, 180, 182, 183, 190, 193, 194, 195, 196, 198, 199, 201, 203, 204, 205, 207, 208, 209, 212, 213, 214, 218, 221, 222, 224, 225, 226, 229, 230, 231, 232, 233, 234, 237, 238, 239, 241, 242, 243, 245, 247, 249, 256, 257, 258, 259, 263, 266, 268, 270, 272, 275, 293, 294, 295, 297, 300, 305, 307, 308, 309, 310, 311, 313, 314, 315, 317, 318, 322, 323, 325, 326, 328, 329, 330, 331, 332, 334, 338]",176
124,"[0, 1, 5, 6, 7, 8, 9, 12, 13, 17, 19, 21, 22, 26, 30, 31, 32, 34, 35, 36, 39, 40, 41, 42, 43, 45, 46, 47, 49, 53, 54, 60, 62, 63, 65, 66, 68, 71, 72, 74, 77, 79, 80, 82, 83, 84, 86, 88, 89, 91, 92, 95, 96, 97, 99, 100, 101, 102, 104, 106, 107, 108, 109, 110, 114, 115, 116, 120, 123, 125, 126, 131, 133, 135, 136, 137, 138, 139, 143, 144, 145, 147, 151, 152, 159, 160, 161, 162, 163, 164, 165, 166, 167, 171, 173, 175, 178, 179, 180, 182, 183, 190, 193, 194, 195, 196, 198, 199, 201, 203, 204, 205, 207, 208, 209, 212, 213, 214, 218, 221, 222, 224, 225, 226, 229, 230, 231, 232, 233, 234, 237, 238, 239, 241, 242, 243, 245, 247, 249, 256, 257, 258, 259, 263, 266, 268, 270, 272, 275, 293, 294, 295, 297, 300, 305, 307, 308, 309, 310, 311, 313, 314, 315, 317, 318, 322, 323, 325, 326, 328, 329, 330, 331, 332, 334, 338]",176
125,"[0, 1, 5, 6, 7, 8, 9, 12, 13, 17, 19, 21, 22, 26, 30, 31, 32, 34, 35, 36, 39, 40, 41, 42, 43, 45, 46, 47, 49, 53, 54, 60, 62, 63, 65, 66, 68, 71, 72, 74, 77, 79, 80, 82, 83, 84, 86, 88, 89, 91, 92, 95, 96, 97, 99, 100, 101, 102, 104, 106, 107, 108, 109, 110, 114, 115, 116, 120, 123, 125, 126, 131, 133, 135, 136, 137, 138, 139, 143, 144, 145, 147, 151, 152, 159, 160, 161, 162, 163, 164, 165, 166, 167, 171, 173, 175, 178, 179, 180, 182, 183, 190, 193, 194, 195, 196, 198, 199, 201, 203, 204, 205, 207, 208, 209, 212, 213, 214, 218, 221, 222, 224, 225, 226, 229, 230, 231, 232, 233, 234, 237, 238, 239, 241, 242, 243, 245, 247, 249, 256, 257, 258, 259, 263, 266, 268, 270, 272, 275, 293, 294, 295, 297, 300, 305, 307, 308, 309, 310, 311, 313, 314, 315, 317, 318, 322, 323, 325, 326, 328, 329, 330, 331, 332, 334, 338]",176
126,"[2, 3, 4, 10, 11, 14, 15, 16, 18, 20, 23, 24, 25, 27, 28, 29, 33, 37, 38, 44, 48, 50, 51, 52, 55, 56, 57, 58, 59, 61, 64, 67, 69, 70, 73, 75, 76, 78, 81, 85, 87, 90, 93, 94, 98, 103, 105, 111, 112, 113, 117, 118, 119, 121, 122, 124, 127, 128, 129, 130, 132, 134, 140, 141, 142, 146, 148, 149, 150, 153, 154, 155, 156, 157, 158, 168, 169, 170, 172, 174, 176, 177, 181, 184, 185, 186, 187, 188, 189, 191, 192, 197, 200, 202, 206, 210, 211, 215, 216, 217, 219, 220, 223, 227, 228, 235, 236, 240, 244, 246, 248, 250, 251, 252, 253, 254, 255, 260, 261, 262, 264, 265, 267, 269, 271, 273, 274, 276, 277, 278, 279, 280, 281, 282, 283, 284, 285, 286, 287, 288, 289, 290, 291, 292, 296, 298, 299, 301, 302, 303, 304, 306, 312, 316, 319, 320, 321, 324, 327, 333, 335, 336, 337]",163
127,"[0, 1, 5, 6, 7, 8, 9, 12, 13, 17, 19, 21, 22, 26, 30, 31, 32, 34, 35, 36, 39, 40, 41, 42, 43, 45, 46, 47, 49, 53, 54, 60, 62, 63, 65, 66, 68, 71, 72, 74, 77, 79, 80, 82, 83, 84, 86, 88, 89, 91, 92, 95, 96, 97, 99, 100, 101, 102, 104, 106, 107, 108, 109, 110, 114, 115, 116, 120, 123, 125, 126, 131, 133, 135, 136, 137, 138, 139, 143, 144, 145, 147, 151, 152, 159, 160, 161, 162, 163, 164, 165, 166, 167, 171, 173, 175, 178, 179, 180, 182, 183, 190, 193, 194, 195, 196, 198, 199, 201, 203, 204, 205, 207, 208, 209, 212, 213, 214, 218, 221, 222, 224, 225, 226, 229, 230, 231, 232, 233, 234, 237, 238, 239, 241, 242, 243, 245, 247, 249, 256, 257, 258, 259, 263, 266, 268, 270, 272, 275, 293, 294, 295, 297, 300, 305, 307, 308, 309, 310, 311, 313, 314, 315, 317, 318, 322, 323, 325, 326, 328, 329, 330, 331, 332, 334, 338]",176
128,"[0, 1, 5, 6, 7, 8, 9, 12, 13, 17, 19, 21, 22, 26, 30, 31, 32, 34, 35, 36, 39, 40, 41, 42, 43, 45, 46, 47, 49, 53, 54, 60, 62, 63, 65, 66, 68, 71, 72, 74, 77, 79, 80, 82, 83, 84, 86, 88, 89, 91, 92, 95, 96, 97, 99, 100, 101, 102, 104, 106, 107, 108, 109, 110, 114, 115, 116, 120, 123, 125, 126, 131, 133, 135, 136, 137, 138, 139, 143, 144, 145, 147, 151, 152, 159, 160, 161, 162, 163, 164, 165, 166, 167, 171, 173, 175, 178, 179, 180, 182, 183, 190, 193, 194, 195, 196, 198, 199, 201, 203, 204, 205, 207, 208, 209, 212, 213, 214, 218, 221, 222, 224, 225, 226, 229, 230, 231, 232, 233, 234, 237, 238, 239, 241, 242, 243, 245, 247, 249, 256, 257, 258, 259, 263, 266, 268, 270, 272, 275, 293, 294, 295, 297, 300, 305, 307, 308, 309, 310, 311, 313, 314, 315, 317, 318, 322, 323, 325, 326, 328, 329, 330, 331, 332, 334, 338]",176
129,"[0, 1, 5, 6, 7, 8, 9, 12, 13, 17, 19, 21, 22, 26, 30, 31, 32, 34, 35, 36, 39, 40, 41, 42, 43, 45, 46, 47, 49, 53, 54, 60, 62, 63, 65, 66, 68, 71, 72, 74, 77, 79, 80, 82, 83, 84, 86, 88, 89, 91, 92, 95, 96, 97, 99, 100, 101, 102, 104, 106, 107, 108, 109, 110, 114, 115, 116, 120, 123, 125, 126, 131, 133, 135, 136, 137, 138, 139, 143, 144, 145, 147, 151, 152, 159, 160, 161, 162, 163, 164, 165, 166, 167, 171, 173, 175, 178, 179, 180, 182, 183, 190, 193, 194, 195, 196, 198, 199, 201, 203, 204, 205, 207, 208, 209, 212, 213, 214, 218, 221, 222, 224, 225, 226, 229, 230, 231, 232, 233, 234, 237, 238, 239, 241, 242, 243, 245, 247, 249, 256, 257, 258, 259, 263, 266, 268, 270, 272, 275, 293, 294, 295, 297, 300, 305, 307, 308, 309, 310, 311, 313, 314, 315, 317, 318, 322, 323, 325, 326, 328, 329, 330, 331, 332, 334, 338]",176
130,"[2, 3, 4, 10, 11, 14, 15, 16, 18, 20, 23, 24, 25, 27, 28, 29, 33, 37, 38, 44, 48, 50, 51, 52, 55, 56, 57, 58, 59, 61, 64, 67, 69, 70, 73, 75, 76, 78, 81, 85, 87, 90, 93, 94, 98, 103, 105, 111, 112, 113, 117, 118, 119, 121, 122, 124, 127, 128, 129, 130, 132, 134, 140, 141, 142, 146, 148, 149, 150, 153, 154, 155, 156, 157, 158, 168, 169, 170, 172, 174, 176, 177, 181, 184, 185, 186, 187, 188, 189, 191, 192, 197, 200, 202, 206, 210, 211, 215, 216, 217, 219, 220, 223, 227, 228, 235, 236, 240, 244, 246, 248, 250, 251, 252, 253, 254, 255, 260, 261, 262, 264, 265, 267, 269, 271, 273, 274, 276, 277, 278, 279, 280, 281, 282, 283, 284, 285, 286, 287, 288, 289, 290, 291, 292, 296, 298, 299, 301, 302, 303, 304, 306, 312, 316, 319, 320, 321, 324, 327, 333, 335, 336, 337]",163
131,"[2, 3, 4, 10, 11, 14, 15, 16, 18, 20, 23, 24, 25, 27, 28, 29, 33, 37, 38, 44, 48, 50, 51, 52, 55, 56, 57, 58, 59, 61, 64, 67, 69, 70, 73, 75, 76, 78, 81, 85, 87, 90, 93, 94, 98, 103, 105, 111, 112, 113, 117, 118, 119, 121, 122, 124, 127, 128, 129, 130, 132, 134, 140, 141, 142, 146, 148, 149, 150, 153, 154, 155, 156, 157, 158, 168, 169, 170, 172, 174, 176, 177, 181, 184, 185, 186, 187, 188, 189, 191, 192, 197, 200, 202, 206, 210, 211, 215, 216, 217, 219, 220, 223, 227, 228, 235, 236, 240, 244, 246, 248, 250, 251, 252, 253, 254, 255, 260, 261, 262, 264, 265, 267, 269, 271, 273, 274, 276, 277, 278, 279, 280, 281, 282, 283, 284, 285, 286, 287, 288, 289, 290, 291, 292, 296, 298, 299, 301, 302, 303, 304, 306, 312, 316, 319, 320, 321, 324, 327, 333, 335, 336, 337]",163
132,"[0, 1, 5, 6, 7, 8, 9, 12, 13, 17, 19, 21, 22, 26, 30, 31, 32, 34, 35, 36, 39, 40, 41, 42, 43, 45, 46, 47, 49, 53, 54, 60, 62, 63, 65, 66, 68, 71, 72, 74, 77, 79, 80, 82, 83, 84, 86, 88, 89, 91, 92, 95, 96, 97, 99, 100, 101, 102, 104, 106, 107, 108, 109, 110, 114, 115, 116, 120, 123, 125, 126, 131, 133, 135, 136, 137, 138, 139, 143, 144, 145, 147, 151, 152, 159, 160, 161, 162, 163, 164, 165, 166, 167, 171, 173, 175, 178, 179, 180, 182, 183, 190, 193, 194, 195, 196, 198, 199, 201, 203, 204, 205, 207, 208, 209, 212, 213, 214, 218, 221, 222, 224, 225, 226, 229, 230, 231, 232, 233, 234, 237, 238, 239, 241, 242, 243, 245, 247, 249, 256, 257, 258, 259, 263, 266, 268, 270, 272, 275, 293, 294, 295, 297, 300, 305, 307, 308, 309, 310, 311, 313, 314, 315, 317, 318, 322, 323, 325, 326, 328, 329, 330, 331, 332, 334, 338]",176
133,"[0, 1, 5, 6, 7, 8, 9, 12, 13, 17, 19, 21, 22, 26, 30, 31, 32, 34, 35, 36, 39, 40, 41, 42, 43, 45, 46, 47, 49, 53, 54, 60, 62, 63, 65, 66, 68, 71, 72, 74, 77, 79, 80, 82, 83, 84, 86, 88, 89, 91, 92, 95, 96, 97, 99, 100, 101, 102, 104, 106, 107, 108, 109, 110, 114, 115, 116, 120, 123, 125, 126, 131, 133, 135, 136, 137, 138, 139, 143, 144, 145, 147, 151, 152, 159, 160, 161, 162, 163, 164, 165, 166, 167, 171, 173, 175, 178, 179, 180, 182, 183, 190, 193, 194, 195, 196, 198, 199, 201, 203, 204, 205, 207, 208, 209, 212, 213, 214, 218, 221, 222, 224, 225, 226, 229, 230, 231, 232, 233, 234, 237, 238, 239, 241, 242, 243, 245, 247, 249, 256, 257, 258, 259, 263, 266, 268, 270, 272, 275, 293, 294, 295, 297, 300, 305, 307, 308, 309, 310, 311, 313, 314, 315, 317, 318, 322, 323, 325, 326, 328, 329, 330, 331, 332, 334, 338]",176
134,"[0, 1, 5, 6, 7, 8, 9, 12, 13, 17, 19, 21, 22, 26, 30, 31, 32, 34, 35, 36, 39, 40, 41, 42, 43, 45, 46, 47, 49, 53, 54, 60, 62, 63, 65, 66, 68, 71, 72, 74, 77, 79, 80, 82, 83, 84, 86, 88, 89, 91, 92, 95, 96, 97, 99, 100, 101, 102, 104, 106, 107, 108, 109, 110, 114, 115, 116, 120, 123, 125, 126, 131, 133, 135, 136, 137, 138, 139, 143, 144, 145, 147, 151, 152, 159, 160, 161, 162, 163, 164, 165, 166, 167, 171, 173, 175, 178, 179, 180, 182, 183, 190, 193, 194, 195, 196, 198, 199, 201, 203, 204, 205, 207, 208, 209, 212, 213, 214, 218, 221, 222, 224, 225, 226, 229, 230, 231, 232, 233, 234, 237, 238, 239, 241, 242, 243, 245, 247, 249, 256, 257, 258, 259, 263, 266, 268, 270, 272, 275, 293, 294, 295, 297, 300, 305, 307, 308, 309, 310, 311, 313, 314, 315, 317, 318, 322, 323, 325, 326, 328, 329, 330, 331, 332, 334, 338]",176
135,"[2, 3, 4, 10, 11, 14, 15, 16, 18, 20, 23, 24, 25, 27, 28, 29, 33, 37, 38, 44, 48, 50, 51, 52, 55, 56, 57, 58, 59, 61, 64, 67, 69, 70, 73, 75, 76, 78, 81, 85, 87, 90, 93, 94, 98, 103, 105, 111, 112, 113, 117, 118, 119, 121, 122, 124, 127, 128, 129, 130, 132, 134, 140, 141, 142, 146, 148, 149, 150, 153, 154, 155, 156, 157, 158, 168, 169, 170, 172, 174, 176, 177, 181, 184, 185, 186, 187, 188, 189, 191, 192, 197, 200, 202, 206, 210, 211, 215, 216, 217, 219, 220, 223, 227, 228, 235, 236, 240, 244, 246, 248, 250, 251, 252, 253, 254, 255, 260, 261, 262, 264, 265, 267, 269, 271, 273, 274, 276, 277, 278, 279, 280, 281, 282, 283, 284, 285, 286, 287, 288, 289, 290, 291, 292, 296, 298, 299, 301, 302, 303, 304, 306, 312, 316, 319, 320, 321, 324, 327, 333, 335, 336, 337]",163
136,"[2, 3, 4, 10, 11, 14, 15, 16, 18, 20, 23, 24, 25, 27, 28, 29, 33, 37, 38, 44, 48, 50, 51, 52, 55, 56, 57, 58, 59, 61, 64, 67, 69, 70, 73, 75, 76, 78, 81, 85, 87, 90, 93, 94, 98, 103, 105, 111, 112, 113, 117, 118, 119, 121, 122, 124, 127, 128, 129, 130, 132, 134, 140, 141, 142, 146, 148, 149, 150, 153, 154, 155, 156, 157, 158, 168, 169, 170, 172, 174, 176, 177, 181, 184, 185, 186, 187, 188, 189, 191, 192, 197, 200, 202, 206, 210, 211, 215, 216, 217, 219, 220, 223, 227, 228, 235, 236, 240, 244, 246, 248, 250, 251, 252, 253, 254, 255, 260, 261, 262, 264, 265, 267, 269, 271, 273, 274, 276, 277, 278, 279, 280, 281, 282, 283, 284, 285, 286, 287, 288, 289, 290, 291, 292, 296, 298, 299, 301, 302, 303, 304, 306, 312, 316, 319, 320, 321, 324, 327, 333, 335, 336, 337]",163
137,"[0, 1, 5, 6, 7, 8, 9, 12, 13, 17, 19, 21, 22, 26, 30, 31, 32, 34, 35, 36, 39, 40, 41, 42, 43, 45, 46, 47, 49, 53, 54, 60, 62, 63, 65, 66, 68, 71, 72, 74, 77, 79, 80, 82, 83, 84, 86, 88, 89, 91, 92, 95, 96, 97, 99, 100, 101, 102, 104, 106, 107, 108, 109, 110, 114, 115, 116, 120, 123, 125, 126, 131, 133, 135, 136, 137, 138, 139, 143, 144, 145, 147, 151, 152, 159, 160, 161, 162, 163, 164, 165, 166, 167, 171, 173, 175, 178, 179, 180, 182, 183, 190, 193, 194, 195, 196, 198, 199, 201, 203, 204, 205, 207, 208, 209, 212, 213, 214, 218, 221, 222, 224, 225, 226, 229, 230, 231, 232, 233, 234, 237, 238, 239, 241, 242, 243, 245, 247, 249, 256, 257, 258, 259, 263, 266, 268, 270, 272, 275, 293, 294, 295, 297, 300, 305, 307, 308, 309, 310, 311, 313, 314, 315, 317, 318, 322, 323, 325, 326, 328, 329, 330, 331, 332, 334, 338]",176
138,"[0, 1, 5, 6, 7, 8, 9, 12, 13, 17, 19, 21, 22, 26, 30, 31, 32, 34, 35, 36, 39, 40, 41, 42, 43, 45, 46, 47, 49, 53, 54, 60, 62, 63, 65, 66, 68, 71, 72, 74, 77, 79, 80, 82, 83, 84, 86, 88, 89, 91, 92, 95, 96, 97, 99, 100, 101, 102, 104, 106, 107, 108, 109, 110, 114, 115, 116, 120, 123, 125, 126, 131, 133, 135, 136, 137, 138, 139, 143, 144, 145, 147, 151, 152, 159, 160, 161, 162, 163, 164, 165, 166, 167, 171, 173, 175, 178, 179, 180, 182, 183, 190, 193, 194, 195, 196, 198, 199, 201, 203, 204, 205, 207, 208, 209, 212, 213, 214, 218, 221, 222, 224, 225, 226, 229, 230, 231, 232, 233, 234, 237, 238, 239, 241, 242, 243, 245, 247, 249, 256, 257, 258, 259, 263, 266, 268, 270, 272, 275, 293, 294, 295, 297, 300, 305, 307, 308, 309, 310, 311, 313, 314, 315, 317, 318, 322, 323, 325, 326, 328, 329, 330, 331, 332, 334, 338]",176
139,"[0, 1, 5, 6, 7, 8, 9, 12, 13, 17, 19, 21, 22, 26, 30, 31, 32, 34, 35, 36, 39, 40, 41, 42, 43, 45, 46, 47, 49, 53, 54, 60, 62, 63, 65, 66, 68, 71, 72, 74, 77, 79, 80, 82, 83, 84, 86, 88, 89, 91, 92, 95, 96, 97, 99, 100, 101, 102, 104, 106, 107, 108, 109, 110, 114, 115, 116, 120, 123, 125, 126, 131, 133, 135, 136, 137, 138, 139, 143, 144, 145, 147, 151, 152, 159, 160, 161, 162, 163, 164, 165, 166, 167, 171, 173, 175, 178, 179, 180, 182, 183, 190, 193, 194, 195, 196, 198, 199, 201, 203, 204, 205, 207, 208, 209, 212, 213, 214, 218, 221, 222, 224, 225, 226, 229, 230, 231, 232, 233, 234, 237, 238, 239, 241, 242, 243, 245, 247, 249, 256, 257, 258, 259, 263, 266, 268, 270, 272, 275, 293, 294, 295, 297, 300, 305, 307, 308, 309, 310, 311, 313, 314, 315, 317, 318, 322, 323, 325, 326, 328, 329, 330, 331, 332, 334, 338]",176
140,"[0, 1, 5, 6, 7, 8, 9, 12, 13, 17, 19, 21, 22, 26, 30, 31, 32, 34, 35, 36, 39, 40, 41, 42, 43, 45, 46, 47, 49, 53, 54, 60, 62, 63, 65, 66, 68, 71, 72, 74, 77, 79, 80, 82, 83, 84, 86, 88, 89, 91, 92, 95, 96, 97, 99, 100, 101, 102, 104, 106, 107, 108, 109, 110, 114, 115, 116, 120, 123, 125, 126, 131, 133, 135, 136, 137, 138, 139, 143, 144, 145, 147, 151, 152, 159, 160, 161, 162, 163, 164, 165, 166, 167, 171, 173, 175, 178, 179, 180, 182, 183, 190, 193, 194, 195, 196, 198, 199, 201, 203, 204, 205, 207, 208, 209, 212, 213, 214, 218, 221, 222, 224, 225, 226, 229, 230, 231, 232, 233, 234, 237, 238, 239, 241, 242, 243, 245, 247, 249, 256, 257, 258, 259, 263, 266, 268, 270, 272, 275, 293, 294, 295, 297, 300, 305, 307, 308, 309, 310, 311, 313, 314, 315, 317, 318, 322, 323, 325, 326, 328, 329, 330, 331, 332, 334, 338]",176
141,"[0, 1, 5, 6, 7, 8, 9, 12, 13, 17, 19, 21, 22, 26, 30, 31, 32, 34, 35, 36, 39, 40, 41, 42, 43, 45, 46, 47, 49, 53, 54, 60, 62, 63, 65, 66, 68, 71, 72, 74, 77, 79, 80, 82, 83, 84, 86, 88, 89, 91, 92, 95, 96, 97, 99, 100, 101, 102, 104, 106, 107, 108, 109, 110, 114, 115, 116, 120, 123, 125, 126, 131, 133, 135, 136, 137, 138, 139, 143, 144, 145, 147, 151, 152, 159, 160, 161, 162, 163, 164, 165, 166, 167, 171, 173, 175, 178, 179, 180, 182, 183, 190, 193, 194, 195, 196, 198, 199, 201, 203, 204, 205, 207, 208, 209, 212, 213, 214, 218, 221, 222, 224, 225, 226, 229, 230, 231, 232, 233, 234, 237, 238, 239, 241, 242, 243, 245, 247, 249, 256, 257, 258, 259, 263, 266, 268, 270, 272, 275, 293, 294, 295, 297, 300, 305, 307, 308, 309, 310, 311, 313, 314, 315, 317, 318, 322, 323, 325, 326, 328, 329, 330, 331, 332, 334, 338]",176
142,"[0, 1, 5, 6, 7, 8, 9, 12, 13, 17, 19, 21, 22, 26, 30, 31, 32, 34, 35, 36, 39, 40, 41, 42, 43, 45, 46, 47, 49, 53, 54, 60, 62, 63, 65, 66, 68, 71, 72, 74, 77, 79, 80, 82, 83, 84, 86, 88, 89, 91, 92, 95, 96, 97, 99, 100, 101, 102, 104, 106, 107, 108, 109, 110, 114, 115, 116, 120, 123, 125, 126, 131, 133, 135, 136, 137, 138, 139, 143, 144, 145, 147, 151, 152, 159, 160, 161, 162, 163, 164, 165, 166, 167, 171, 173, 175, 178, 179, 180, 182, 183, 190, 193, 194, 195, 196, 198, 199, 201, 203, 204, 205, 207, 208, 209, 212, 213, 214, 218, 221, 222, 224, 225, 226, 229, 230, 231, 232, 233, 234, 237, 238, 239, 241, 242, 243, 245, 247, 249, 256, 257, 258, 259, 263, 266, 268, 270, 272, 275, 293, 294, 295, 297, 300, 305, 307, 308, 309, 310, 311, 313, 314, 315, 317, 318, 322, 323, 325, 326, 328, 329, 330, 331, 332, 334, 338]",176
143,"[0, 1, 5, 6, 7, 8, 9, 12, 13, 17, 19, 21, 22, 26, 30, 31, 32, 34, 35, 36, 39, 40, 41, 42, 43, 45, 46, 47, 49, 53, 54, 60, 62, 63, 65, 66, 68, 71, 72, 74, 77, 79, 80, 82, 83, 84, 86, 88, 89, 91, 92, 95, 96, 97, 99, 100, 101, 102, 104, 106, 107, 108, 109, 110, 114, 115, 116, 120, 123, 125, 126, 131, 133, 135, 136, 137, 138, 139, 143, 144, 145, 147, 151, 152, 159, 160, 161, 162, 163, 164, 165, 166, 167, 171, 173, 175, 178, 179, 180, 182, 183, 190, 193, 194, 195, 196, 198, 199, 201, 203, 204, 205, 207, 208, 209, 212, 213, 214, 218, 221, 222, 224, 225, 226, 229, 230, 231, 232, 233, 234, 237, 238, 239, 241, 242, 243, 245, 247, 249, 256, 257, 258, 259, 263, 266, 268, 270, 272, 275, 293, 294, 295, 297, 300, 305, 307, 308, 309, 310, 311, 313, 314, 315, 317, 318, 322, 323, 325, 326, 328, 329, 330, 331, 332, 334, 338]",176
144,"[2, 3, 4, 10, 11, 14, 15, 16, 18, 20, 23, 24, 25, 27, 28, 29, 33, 37, 38, 44, 48, 50, 51, 52, 55, 56, 57, 58, 59, 61, 64, 67, 69, 70, 73, 75, 76, 78, 81, 85, 87, 90, 93, 94, 98, 103, 105, 111, 112, 113, 117, 118, 119, 121, 122, 124, 127, 128, 129, 130, 132, 134, 140, 141, 142, 146, 148, 149, 150, 153, 154, 155, 156, 157, 158, 168, 169, 170, 172, 174, 176, 177, 181, 184, 185, 186, 187, 188, 189, 191, 192, 197, 200, 202, 206, 210, 211, 215, 216, 217, 219, 220, 223, 227, 228, 235, 236, 240, 244, 246, 248, 250, 251, 252, 253, 254, 255, 260, 261, 262, 264, 265, 267, 269, 271, 273, 274, 276, 277, 278, 279, 280, 281, 282, 283, 284, 285, 286, 287, 288, 289, 290, 291, 292, 296, 298, 299, 301, 302, 303, 304, 306, 312, 316, 319, 320, 321, 324, 327, 333, 335, 336, 337]",163
145,"[0, 1, 5, 6, 7, 8, 9, 12, 13, 17, 19, 21, 22, 26, 30, 31, 32, 34, 35, 36, 39, 40, 41, 42, 43, 45, 46, 47, 49, 53, 54, 60, 62, 63, 65, 66, 68, 71, 72, 74, 77, 79, 80, 82, 83, 84, 86, 88, 89, 91, 92, 95, 96, 97, 99, 100, 101, 102, 104, 106, 107, 108, 109, 110, 114, 115, 116, 120, 123, 125, 126, 131, 133, 135, 136, 137, 138, 139, 143, 144, 145, 147, 151, 152, 159, 160, 161, 162, 163, 164, 165, 166, 167, 171, 173, 175, 178, 179, 180, 182, 183, 190, 193, 194, 195, 196, 198, 199, 201, 203, 204, 205, 207, 208, 209, 212, 213, 214, 218, 221, 222, 224, 225, 226, 229, 230, 231, 232, 233, 234, 237, 238, 239, 241, 242, 243, 245, 247, 249, 256, 257, 258, 259, 263, 266, 268, 270, 272, 275, 293, 294, 295, 297, 300, 305, 307, 308, 309, 310, 311, 313, 314, 315, 317, 318, 322, 323, 325, 326, 328, 329, 330, 331, 332, 334, 338]",176
146,"[0, 1, 5, 6, 7, 8, 9, 12, 13, 17, 19, 21, 22, 26, 30, 31, 32, 34, 35, 36, 39, 40, 41, 42, 43, 45, 46, 47, 49, 53, 54, 60, 62, 63, 65, 66, 68, 71, 72, 74, 77, 79, 80, 82, 83, 84, 86, 88, 89, 91, 92, 95, 96, 97, 99, 100, 101, 102, 104, 106, 107, 108, 109, 110, 114, 115, 116, 120, 123, 125, 126, 131, 133, 135, 136, 137, 138, 139, 143, 144, 145, 147, 151, 152, 159, 160, 161, 162, 163, 164, 165, 166, 167, 171, 173, 175, 178, 179, 180, 182, 183, 190, 193, 194, 195, 196, 198, 199, 201, 203, 204, 205, 207, 208, 209, 212, 213, 214, 218, 221, 222, 224, 225, 226, 229, 230, 231, 232, 233, 234, 237, 238, 239, 241, 242, 243, 245, 247, 249, 256, 257, 258, 259, 263, 266, 268, 270, 272, 275, 293, 294, 295, 297, 300, 305, 307, 308, 309, 310, 311, 313, 314, 315, 317, 318, 322, 323, 325, 326, 328, 329, 330, 331, 332, 334, 338]",176
147,"[0, 1, 5, 6, 7, 8, 9, 12, 13, 17, 19, 21, 22, 26, 30, 31, 32, 34, 35, 36, 39, 40, 41, 42, 43, 45, 46, 47, 49, 53, 54, 60, 62, 63, 65, 66, 68, 71, 72, 74, 77, 79, 80, 82, 83, 84, 86, 88, 89, 91, 92, 95, 96, 97, 99, 100, 101, 102, 104, 106, 107, 108, 109, 110, 114, 115, 116, 120, 123, 125, 126, 131, 133, 135, 136, 137, 138, 139, 143, 144, 145, 147, 151, 152, 159, 160, 161, 162, 163, 164, 165, 166, 167, 171, 173, 175, 178, 179, 180, 182, 183, 190, 193, 194, 195, 196, 198, 199, 201, 203, 204, 205, 207, 208, 209, 212, 213, 214, 218, 221, 222, 224, 225, 226, 229, 230, 231, 232, 233, 234, 237, 238, 239, 241, 242, 243, 245, 247, 249, 256, 257, 258, 259, 263, 266, 268, 270, 272, 275, 293, 294, 295, 297, 300, 305, 307, 308, 309, 310, 311, 313, 314, 315, 317, 318, 322, 323, 325, 326, 328, 329, 330, 331, 332, 334, 338]",176
148,"[0, 1, 5, 6, 7, 8, 9, 12, 13, 17, 19, 21, 22, 26, 30, 31, 32, 34, 35, 36, 39, 40, 41, 42, 43, 45, 46, 47, 49, 53, 54, 60, 62, 63, 65, 66, 68, 71, 72, 74, 77, 79, 80, 82, 83, 84, 86, 88, 89, 91, 92, 95, 96, 97, 99, 100, 101, 102, 104, 106, 107, 108, 109, 110, 114, 115, 116, 120, 123, 125, 126, 131, 133, 135, 136, 137, 138, 139, 143, 144, 145, 147, 151, 152, 159, 160, 161, 162, 163, 164, 165, 166, 167, 171, 173, 175, 178, 179, 180, 182, 183, 190, 193, 194, 195, 196, 198, 199, 201, 203, 204, 205, 207, 208, 209, 212, 213, 214, 218, 221, 222, 224, 225, 226, 229, 230, 231, 232, 233, 234, 237, 238, 239, 241, 242, 243, 245, 247, 249, 256, 257, 258, 259, 263, 266, 268, 270, 272, 275, 293, 294, 295, 297, 300, 305, 307, 308, 309, 310, 311, 313, 314, 315, 317, 318, 322, 323, 325, 326, 328, 329, 330, 331, 332, 334, 338]",176
149,"[0, 1, 5, 6, 7, 8, 9, 12, 13, 17, 19, 21, 22, 26, 30, 31, 32, 34, 35, 36, 39, 40, 41, 42, 43, 45, 46, 47, 49, 53, 54, 60, 62, 63, 65, 66, 68, 71, 72, 74, 77, 79, 80, 82, 83, 84, 86, 88, 89, 91, 92, 95, 96, 97, 99, 100, 101, 102, 104, 106, 107, 108, 109, 110, 114, 115, 116, 120, 123, 125, 126, 131, 133, 135, 136, 137, 138, 139, 143, 144, 145, 147, 151, 152, 159, 160, 161, 162, 163, 164, 165, 166, 167, 171, 173, 175, 178, 179, 180, 182, 183, 190, 193, 194, 195, 196, 198, 199, 201, 203, 204, 205, 207, 208, 209, 212, 213, 214, 218, 221, 222, 224, 225, 226, 229, 230, 231, 232, 233, 234, 237, 238, 239, 241, 242, 243, 245, 247, 249, 256, 257, 258, 259, 263, 266, 268, 270, 272, 275, 293, 294, 295, 297, 300, 305, 307, 308, 309, 310, 311, 313, 314, 315, 317, 318, 322, 323, 325, 326, 328, 329, 330, 331, 332, 334, 338]",176
150,"[0, 1, 5, 6, 7, 8, 9, 12, 13, 17, 19, 21, 22, 26, 30, 31, 32, 34, 35, 36, 39, 40, 41, 42, 43, 45, 46, 47, 49, 53, 54, 60, 62, 63, 65, 66, 68, 71, 72, 74, 77, 79, 80, 82, 83, 84, 86, 88, 89, 91, 92, 95, 96, 97, 99, 100, 101, 102, 104, 106, 107, 108, 109, 110, 114, 115, 116, 120, 123, 125, 126, 131, 133, 135, 136, 137, 138, 139, 143, 144, 145, 147, 151, 152, 159, 160, 161, 162, 163, 164, 165, 166, 167, 171, 173, 175, 178, 179, 180, 182, 183, 190, 193, 194, 195, 196, 198, 199, 201, 203, 204, 205, 207, 208, 209, 212, 213, 214, 218, 221, 222, 224, 225, 226, 229, 230, 231, 232, 233, 234, 237, 238, 239, 241, 242, 243, 245, 247, 249, 256, 257, 258, 259, 263, 266, 268, 270, 272, 275, 293, 294, 295, 297, 300, 305, 307, 308, 309, 310, 311, 313, 314, 315, 317, 318, 322, 323, 325, 326, 328, 329, 330, 331, 332, 334, 338]",176
151,"[2, 3, 4, 10, 11, 14, 15, 16, 18, 20, 23, 24, 25, 27, 28, 29, 33, 37, 38, 44, 48, 50, 51, 52, 55, 56, 57, 58, 59, 61, 64, 67, 69, 70, 73, 75, 76, 78, 81, 85, 87, 90, 93, 94, 98, 103, 105, 111, 112, 113, 117, 118, 119, 121, 122, 124, 127, 128, 129, 130, 132, 134, 140, 141, 142, 146, 148, 149, 150, 153, 154, 155, 156, 157, 158, 168, 169, 170, 172, 174, 176, 177, 181, 184, 185, 186, 187, 188, 189, 191, 192, 197, 200, 202, 206, 210, 211, 215, 216, 217, 219, 220, 223, 227, 228, 235, 236, 240, 244, 246, 248, 250, 251, 252, 253, 254, 255, 260, 261, 262, 264, 265, 267, 269, 271, 273, 274, 276, 277, 278, 279, 280, 281, 282, 283, 284, 285, 286, 287, 288, 289, 290, 291, 292, 296, 298, 299, 301, 302, 303, 304, 306, 312, 316, 319, 320, 321, 324, 327, 333, 335, 336, 337]",163
152,"[0, 1, 5, 6, 7, 8, 9, 12, 13, 17, 19, 21, 22, 26, 30, 31, 32, 34, 35, 36, 39, 40, 41, 42, 43, 45, 46, 47, 49, 53, 54, 60, 62, 63, 65, 66, 68, 71, 72, 74, 77, 79, 80, 82, 83, 84, 86, 88, 89, 91, 92, 95, 96, 97, 99, 100, 101, 102, 104, 106, 107, 108, 109, 110, 114, 115, 116, 120, 123, 125, 126, 131, 133, 135, 136, 137, 138, 139, 143, 144, 145, 147, 151, 152, 159, 160, 161, 162, 163, 164, 165, 166, 167, 171, 173, 175, 178, 179, 180, 182, 183, 190, 193, 194, 195, 196, 198, 199, 201, 203, 204, 205, 207, 208, 209, 212, 213, 214, 218, 221, 222, 224, 225, 226, 229, 230, 231, 232, 233, 234, 237, 238, 239, 241, 242, 243, 245, 247, 249, 256, 257, 258, 259, 263, 266, 268, 270, 272, 275, 293, 294, 295, 297, 300, 305, 307, 308, 309, 310, 311, 313, 314, 315, 317, 318, 322, 323, 325, 326, 328, 329, 330, 331, 332, 334, 338]",176
153,"[0, 1, 5, 6, 7, 8, 9, 12, 13, 17, 19, 21, 22, 26, 30, 31, 32, 34, 35, 36, 39, 40, 41, 42, 43, 45, 46, 47, 49, 53, 54, 60, 62, 63, 65, 66, 68, 71, 72, 74, 77, 79, 80, 82, 83, 84, 86, 88, 89, 91, 92, 95, 96, 97, 99, 100, 101, 102, 104, 106, 107, 108, 109, 110, 114, 115, 116, 120, 123, 125, 126, 131, 133, 135, 136, 137, 138, 139, 143, 144, 145, 147, 151, 152, 159, 160, 161, 162, 163, 164, 165, 166, 167, 171, 173, 175, 178, 179, 180, 182, 183, 190, 193, 194, 195, 196, 198, 199, 201, 203, 204, 205, 207, 208, 209, 212, 213, 214, 218, 221, 222, 224, 225, 226, 229, 230, 231, 232, 233, 234, 237, 238, 239, 241, 242, 243, 245, 247, 249, 256, 257, 258, 259, 263, 266, 268, 270, 272, 275, 293, 294, 295, 297, 300, 305, 307, 308, 309, 310, 311, 313, 314, 315, 317, 318, 322, 323, 325, 326, 328, 329, 330, 331, 332, 334, 338]",176
154,"[2, 3, 4, 10, 11, 14, 15, 16, 18, 20, 23, 24, 25, 27, 28, 29, 33, 37, 38, 44, 48, 50, 51, 52, 55, 56, 57, 58, 59, 61, 64, 67, 69, 70, 73, 75, 76, 78, 81, 85, 87, 90, 93, 94, 98, 103, 105, 111, 112, 113, 117, 118, 119, 121, 122, 124, 127, 128, 129, 130, 132, 134, 140, 141, 142, 146, 148, 149, 150, 153, 154, 155, 156, 157, 158, 168, 169, 170, 172, 174, 176, 177, 181, 184, 185, 186, 187, 188, 189, 191, 192, 197, 200, 202, 206, 210, 211, 215, 216, 217, 219, 220, 223, 227, 228, 235, 236, 240, 244, 246, 248, 250, 251, 252, 253, 254, 255, 260, 261, 262, 264, 265, 267, 269, 271, 273, 274, 276, 277, 278, 279, 280, 281, 282, 283, 284, 285, 286, 287, 288, 289, 290, 291, 292, 296, 298, 299, 301, 302, 303, 304, 306, 312, 316, 319, 320, 321, 324, 327, 333, 335, 336, 337]",163
155,"[0, 1, 5, 6, 7, 8, 9, 12, 13, 17, 19, 21, 22, 26, 30, 31, 32, 34, 35, 36, 39, 40, 41, 42, 43, 45, 46, 47, 49, 53, 54, 60, 62, 63, 65, 66, 68, 71, 72, 74, 77, 79, 80, 82, 83, 84, 86, 88, 89, 91, 92, 95, 96, 97, 99, 100, 101, 102, 104, 106, 107, 108, 109, 110, 114, 115, 116, 120, 123, 125, 126, 131, 133, 135, 136, 137, 138, 139, 143, 144, 145, 147, 151, 152, 159, 160, 161, 162, 163, 164, 165, 166, 167, 171, 173, 175, 178, 179, 180, 182, 183, 190, 193, 194, 195, 196, 198, 199, 201, 203, 204, 205, 207, 208, 209, 212, 213, 214, 218, 221, 222, 224, 225, 226, 229, 230, 231, 232, 233, 234, 237, 238, 239, 241, 242, 243, 245, 247, 249, 256, 257, 258, 259, 263, 266, 268, 270, 272, 275, 293, 294, 295, 297, 300, 305, 307, 308, 309, 310, 311, 313, 314, 315, 317, 318, 322, 323, 325, 326, 328, 329, 330, 331, 332, 334, 338]",176
156,"[2, 3, 4, 10, 11, 14, 15, 16, 18, 20, 23, 24, 25, 27, 28, 29, 33, 37, 38, 44, 48, 50, 51, 52, 55, 56, 57, 58, 59, 61, 64, 67, 69, 70, 73, 75, 76, 78, 81, 85, 87, 90, 93, 94, 98, 103, 105, 111, 112, 113, 117, 118, 119, 121, 122, 124, 127, 128, 129, 130, 132, 134, 140, 141, 142, 146, 148, 149, 150, 153, 154, 155, 156, 157, 158, 168, 169, 170, 172, 174, 176, 177, 181, 184, 185, 186, 187, 188, 189, 191, 192, 197, 200, 202, 206, 210, 211, 215, 216, 217, 219, 220, 223, 227, 228, 235, 236, 240, 244, 246, 248, 250, 251, 252, 253, 254, 255, 260, 261, 262, 264, 265, 267, 269, 271, 273, 274, 276, 277, 278, 279, 280, 281, 282, 283, 284, 285, 286, 287, 288, 289, 290, 291, 292, 296, 298, 299, 301, 302, 303, 304, 306, 312, 316, 319, 320, 321, 324, 327, 333, 335, 336, 337]",163
157,"[0, 1, 5, 6, 7, 8, 9, 12, 13, 17, 19, 21, 22, 26, 30, 31, 32, 34, 35, 36, 39, 40, 41, 42, 43, 45, 46, 47, 49, 53, 54, 60, 62, 63, 65, 66, 68, 71, 72, 74, 77, 79, 80, 82, 83, 84, 86, 88, 89, 91, 92, 95, 96, 97, 99, 100, 101, 102, 104, 106, 107, 108, 109, 110, 114, 115, 116, 120, 123, 125, 126, 131, 133, 135, 136, 137, 138, 139, 143, 144, 145, 147, 151, 152, 159, 160, 161, 162, 163, 164, 165, 166, 167, 171, 173, 175, 178, 179, 180, 182, 183, 190, 193, 194, 195, 196, 198, 199, 201, 203, 204, 205, 207, 208, 209, 212, 213, 214, 218, 221, 222, 224, 225, 226, 229, 230, 231, 232, 233, 234, 237, 238, 239, 241, 242, 243, 245, 247, 249, 256, 257, 258, 259, 263, 266, 268, 270, 272, 275, 293, 294, 295, 297, 300, 305, 307, 308, 309, 310, 311, 313, 314, 315, 317, 318, 322, 323, 325, 326, 328, 329, 330, 331, 332, 334, 338]",176
158,"[2, 3, 4, 10, 11, 14, 15, 16, 18, 20, 23, 24, 25, 27, 28, 29, 33, 37, 38, 44, 48, 50, 51, 52, 55, 56, 57, 58, 59, 61, 64, 67, 69, 70, 73, 75, 76, 78, 81, 85, 87, 90, 93, 94, 98, 103, 105, 111, 112, 113, 117, 118, 119, 121, 122, 124, 127, 128, 129, 130, 132, 134, 140, 141, 142, 146, 148, 149, 150, 153, 154, 155, 156, 157, 158, 168, 169, 170, 172, 174, 176, 177, 181, 184, 185, 186, 187, 188, 189, 191, 192, 197, 200, 202, 206, 210, 211, 215, 216, 217, 219, 220, 223, 227, 228, 235, 236, 240, 244, 246, 248, 250, 251, 252, 253, 254, 255, 260, 261, 262, 264, 265, 267, 269, 271, 273, 274, 276, 277, 278, 279, 280, 281, 282, 283, 284, 285, 286, 287, 288, 289, 290, 291, 292, 296, 298, 299, 301, 302, 303, 304, 306, 312, 316, 319, 320, 321, 324, 327, 333, 335, 336, 337]",163
159,"[2, 3, 4, 10, 11, 14, 15, 16, 18, 20, 23, 24, 25, 27, 28, 29, 33, 37, 38, 44, 48, 50, 51, 52, 55, 56, 57, 58, 59, 61, 64, 67, 69, 70, 73, 75, 76, 78, 81, 85, 87, 90, 93, 94, 98, 103, 105, 111, 112, 113, 117, 118, 119, 121, 122, 124, 127, 128, 129, 130, 132, 134, 140, 141, 142, 146, 148, 149, 150, 153, 154, 155, 156, 157, 158, 168, 169, 170, 172, 174, 176, 177, 181, 184, 185, 186, 187, 188, 189, 191, 192, 197, 200, 202, 206, 210, 211, 215, 216, 217, 219, 220, 223, 227, 228, 235, 236, 240, 244, 246, 248, 250, 251, 252, 253, 254, 255, 260, 261, 262, 264, 265, 267, 269, 271, 273, 274, 276, 277, 278, 279, 280, 281, 282, 283, 284, 285, 286, 287, 288, 289, 290, 291, 292, 296, 298, 299, 301, 302, 303, 304, 306, 312, 316, 319, 320, 321, 324, 327, 333, 335, 336, 337]",163
160,"[2, 3, 4, 10, 11, 14, 15, 16, 18, 20, 23, 24, 25, 27, 28, 29, 33, 37, 38, 44, 48, 50, 51, 52, 55, 56, 57, 58, 59, 61, 64, 67, 69, 70, 73, 75, 76, 78, 81, 85, 87, 90, 93, 94, 98, 103, 105, 111, 112, 113, 117, 118, 119, 121, 122, 124, 127, 128, 129, 130, 132, 134, 140, 141, 142, 146, 148, 149, 150, 153, 154, 155, 156, 157, 158, 168, 169, 170, 172, 174, 176, 177, 181, 184, 185, 186, 187, 188, 189, 191, 192, 197, 200, 202, 206, 210, 211, 215, 216, 217, 219, 220, 223, 227, 228, 235, 236, 240, 244, 246, 248, 250, 251, 252, 253, 254, 255, 260, 261, 262, 264, 265, 267, 269, 271, 273, 274, 276, 277, 278, 279, 280, 281, 282, 283, 284, 285, 286, 287, 288, 289, 290, 291, 292, 296, 298, 299, 301, 302, 303, 304, 306, 312, 316, 319, 320, 321, 324, 327, 333, 335, 336, 337]",163
161,"[0, 1, 5, 6, 7, 8, 9, 12, 13, 17, 19, 21, 22, 26, 30, 31, 32, 34, 35, 36, 39, 40, 41, 42, 43, 45, 46, 47, 49, 53, 54, 60, 62, 63, 65, 66, 68, 71, 72, 74, 77, 79, 80, 82, 83, 84, 86, 88, 89, 91, 92, 95, 96, 97, 99, 100, 101, 102, 104, 106, 107, 108, 109, 110, 114, 115, 116, 120, 123, 125, 126, 131, 133, 135, 136, 137, 138, 139, 143, 144, 145, 147, 151, 152, 159, 160, 161, 162, 163, 164, 165, 166, 167, 171, 173, 175, 178, 179, 180, 182, 183, 190, 193, 194, 195, 196, 198, 199, 201, 203, 204, 205, 207, 208, 209, 212, 213, 214, 218, 221, 222, 224, 225, 226, 229, 230, 231, 232, 233, 234, 237, 238, 239, 241, 242, 243, 245, 247, 249, 256, 257, 258, 259, 263, 266, 268, 270, 272, 275, 293, 294, 295, 297, 300, 305, 307, 308, 309, 310, 311, 313, 314, 315, 317, 318, 322, 323, 325, 326, 328, 329, 330, 331, 332, 334, 338]",176
162,"[0, 1, 5, 6, 7, 8, 9, 12, 13, 17, 19, 21, 22, 26, 30, 31, 32, 34, 35, 36, 39, 40, 41, 42, 43, 45, 46, 47, 49, 53, 54, 60, 62, 63, 65, 66, 68, 71, 72, 74, 77, 79, 80, 82, 83, 84, 86, 88, 89, 91, 92, 95, 96, 97, 99, 100, 101, 102, 104, 106, 107, 108, 109, 110, 114, 115, 116, 120, 123, 125, 126, 131, 133, 135, 136, 137, 138, 139, 143, 144, 145, 147, 151, 152, 159, 160, 161, 162, 163, 164, 165, 166, 167, 171, 173, 175, 178, 179, 180, 182, 183, 190, 193, 194, 195, 196, 198, 199, 201, 203, 204, 205, 207, 208, 209, 212, 213, 214, 218, 221, 222, 224, 225, 226, 229, 230, 231, 232, 233, 234, 237, 238, 239, 241, 242, 243, 245, 247, 249, 256, 257, 258, 259, 263, 266, 268, 270, 272, 275, 293, 294, 295, 297, 300, 305, 307, 308, 309, 310, 311, 313, 314, 315, 317, 318, 322, 323, 325, 326, 328, 329, 330, 331, 332, 334, 338]",176
163,"[0, 1, 5, 6, 7, 8, 9, 12, 13, 17, 19, 21, 22, 26, 30, 31, 32, 34, 35, 36, 39, 40, 41, 42, 43, 45, 46, 47, 49, 53, 54, 60, 62, 63, 65, 66, 68, 71, 72, 74, 77, 79, 80, 82, 83, 84, 86, 88, 89, 91, 92, 95, 96, 97, 99, 100, 101, 102, 104, 106, 107, 108, 109, 110, 114, 115, 116, 120, 123, 125, 126, 131, 133, 135, 136, 137, 138, 139, 143, 144, 145, 147, 151, 152, 159, 160, 161, 162, 163, 164, 165, 166, 167, 171, 173, 175, 178, 179, 180, 182, 183, 190, 193, 194, 195, 196, 198, 199, 201, 203, 204, 205, 207, 208, 209, 212, 213, 214, 218, 221, 222, 224, 225, 226, 229, 230, 231, 232, 233, 234, 237, 238, 239, 241, 242, 243, 245, 247, 249, 256, 257, 258, 259, 263, 266, 268, 270, 272, 275, 293, 294, 295, 297, 300, 305, 307, 308, 309, 310, 311, 313, 314, 315, 317, 318, 322, 323, 325, 326, 328, 329, 330, 331, 332, 334, 338]",176
164,"[0, 1, 5, 6, 7, 8, 9, 12, 13, 17, 19, 21, 22, 26, 30, 31, 32, 34, 35, 36, 39, 40, 41, 42, 43, 45, 46, 47, 49, 53, 54, 60, 62, 63, 65, 66, 68, 71, 72, 74, 77, 79, 80, 82, 83, 84, 86, 88, 89, 91, 92, 95, 96, 97, 99, 100, 101, 102, 104, 106, 107, 108, 109, 110, 114, 115, 116, 120, 123, 125, 126, 131, 133, 135, 136, 137, 138, 139, 143, 144, 145, 147, 151, 152, 159, 160, 161, 162, 163, 164, 165, 166, 167, 171, 173, 175, 178, 179, 180, 182, 183, 190, 193, 194, 195, 196, 198, 199, 201, 203, 204, 205, 207, 208, 209, 212, 213, 214, 218, 221, 222, 224, 225, 226, 229, 230, 231, 232, 233, 234, 237, 238, 239, 241, 242, 243, 245, 247, 249, 256, 257, 258, 259, 263, 266, 268, 270, 272, 275, 293, 294, 295, 297, 300, 305, 307, 308, 309, 310, 311, 313, 314, 315, 317, 318, 322, 323, 325, 326, 328, 329, 330, 331, 332, 334, 338]",176
165,"[2, 3, 4, 10, 11, 14, 15, 16, 18, 20, 23, 24, 25, 27, 28, 29, 33, 37, 38, 44, 48, 50, 51, 52, 55, 56, 57, 58, 59, 61, 64, 67, 69, 70, 73, 75, 76, 78, 81, 85, 87, 90, 93, 94, 98, 103, 105, 111, 112, 113, 117, 118, 119, 121, 122, 124, 127, 128, 129, 130, 132, 134, 140, 141, 142, 146, 148, 149, 150, 153, 154, 155, 156, 157, 158, 168, 169, 170, 172, 174, 176, 177, 181, 184, 185, 186, 187, 188, 189, 191, 192, 197, 200, 202, 206, 210, 211, 215, 216, 217, 219, 220, 223, 227, 228, 235, 236, 240, 244, 246, 248, 250, 251, 252, 253, 254, 255, 260, 261, 262, 264, 265, 267, 269, 271, 273, 274, 276, 277, 278, 279, 280, 281, 282, 283, 284, 285, 286, 287, 288, 289, 290, 291, 292, 296, 298, 299, 301, 302, 303, 304, 306, 312, 316, 319, 320, 321, 324, 327, 333, 335, 336, 337]",163
166,"[2, 3, 4, 10, 11, 14, 15, 16, 18, 20, 23, 24, 25, 27, 28, 29, 33, 37, 38, 44, 48, 50, 51, 52, 55, 56, 57, 58, 59, 61, 64, 67, 69, 70, 73, 75, 76, 78, 81, 85, 87, 90, 93, 94, 98, 103, 105, 111, 112, 113, 117, 118, 119, 121, 122, 124, 127, 128, 129, 130, 132, 134, 140, 141, 142, 146, 148, 149, 150, 153, 154, 155, 156, 157, 158, 168, 169, 170, 172, 174, 176, 177, 181, 184, 185, 186, 187, 188, 189, 191, 192, 197, 200, 202, 206, 210, 211, 215, 216, 217, 219, 220, 223, 227, 228, 235, 236, 240, 244, 246, 248, 250, 251, 252, 253, 254, 255, 260, 261, 262, 264, 265, 267, 269, 271, 273, 274, 276, 277, 278, 279, 280, 281, 282, 283, 284, 285, 286, 287, 288, 289, 290, 291, 292, 296, 298, 299, 301, 302, 303, 304, 306, 312, 316, 319, 320, 321, 324, 327, 333, 335, 336, 337]",163
167,"[0, 1, 5, 6, 7, 8, 9, 12, 13, 17, 19, 21, 22, 26, 30, 31, 32, 34, 35, 36, 39, 40, 41, 42, 43, 45, 46, 47, 49, 53, 54, 60, 62, 63, 65, 66, 68, 71, 72, 74, 77, 79, 80, 82, 83, 84, 86, 88, 89, 91, 92, 95, 96, 97, 99, 100, 101, 102, 104, 106, 107, 108, 109, 110, 114, 115, 116, 120, 123, 125, 126, 131, 133, 135, 136, 137, 138, 139, 143, 144, 145, 147, 151, 152, 159, 160, 161, 162, 163, 164, 165, 166, 167, 171, 173, 175, 178, 179, 180, 182, 183, 190, 193, 194, 195, 196, 198, 199, 201, 203, 204, 205, 207, 208, 209, 212, 213, 214, 218, 221, 222, 224, 225, 226, 229, 230, 231, 232, 233, 234, 237, 238, 239, 241, 242, 243, 245, 247, 249, 256, 257, 258, 259, 263, 266, 268, 270, 272, 275, 293, 294, 295, 297, 300, 305, 307, 308, 309, 310, 311, 313, 314, 315, 317, 318, 322, 323, 325, 326, 328, 329, 330, 331, 332, 334, 338]",176
168,"[0, 1, 5, 6, 7, 8, 9, 12, 13, 17, 19, 21, 22, 26, 30, 31, 32, 34, 35, 36, 39, 40, 41, 42, 43, 45, 46, 47, 49, 53, 54, 60, 62, 63, 65, 66, 68, 71, 72, 74, 77, 79, 80, 82, 83, 84, 86, 88, 89, 91, 92, 95, 96, 97, 99, 100, 101, 102, 104, 106, 107, 108, 109, 110, 114, 115, 116, 120, 123, 125, 126, 131, 133, 135, 136, 137, 138, 139, 143, 144, 145, 147, 151, 152, 159, 160, 161, 162, 163, 164, 165, 166, 167, 171, 173, 175, 178, 179, 180, 182, 183, 190, 193, 194, 195, 196, 198, 199, 201, 203, 204, 205, 207, 208, 209, 212, 213, 214, 218, 221, 222, 224, 225, 226, 229, 230, 231, 232, 233, 234, 237, 238, 239, 241, 242, 243, 245, 247, 249, 256, 257, 258, 259, 263, 266, 268, 270, 272, 275, 293, 294, 295, 297, 300, 305, 307, 308, 309, 310, 311, 313, 314, 315, 317, 318, 322, 323, 325, 326, 328, 329, 330, 331, 332, 334, 338]",176
169,"[2, 3, 4, 10, 11, 14, 15, 16, 18, 20, 23, 24, 25, 27, 28, 29, 33, 37, 38, 44, 48, 50, 51, 52, 55, 56, 57, 58, 59, 61, 64, 67, 69, 70, 73, 75, 76, 78, 81, 85, 87, 90, 93, 94, 98, 103, 105, 111, 112, 113, 117, 118, 119, 121, 122, 124, 127, 128, 129, 130, 132, 134, 140, 141, 142, 146, 148, 149, 150, 153, 154, 155, 156, 157, 158, 168, 169, 170, 172, 174, 176, 177, 181, 184, 185, 186, 187, 188, 189, 191, 192, 197, 200, 202, 206, 210, 211, 215, 216, 217, 219, 220, 223, 227, 228, 235, 236, 240, 244, 246, 248, 250, 251, 252, 253, 254, 255, 260, 261, 262, 264, 265, 267, 269, 271, 273, 274, 276, 277, 278, 279, 280, 281, 282, 283, 284, 285, 286, 287, 288, 289, 290, 291, 292, 296, 298, 299, 301, 302, 303, 304, 306, 312, 316, 319, 320, 321, 324, 327, 333, 335, 336, 337]",163
170,"[2, 3, 4, 10, 11, 14, 15, 16, 18, 20, 23, 24, 25, 27, 28, 29, 33, 37, 38, 44, 48, 50, 51, 52, 55, 56, 57, 58, 59, 61, 64, 67, 69, 70, 73, 75, 76, 78, 81, 85, 87, 90, 93, 94, 98, 103, 105, 111, 112, 113, 117, 118, 119, 121, 122, 124, 127, 128, 129, 130, 132, 134, 140, 141, 142, 146, 148, 149, 150, 153, 154, 155, 156, 157, 158, 168, 169, 170, 172, 174, 176, 177, 181, 184, 185, 186, 187, 188, 189, 191, 192, 197, 200, 202, 206, 210, 211, 215, 216, 217, 219, 220, 223, 227, 228, 235, 236, 240, 244, 246, 248, 250, 251, 252, 253, 254, 255, 260, 261, 262, 264, 265, 267, 269, 271, 273, 274, 276, 277, 278, 279, 280, 281, 282, 283, 284, 285, 286, 287, 288, 289, 290, 291, 292, 296, 298, 299, 301, 302, 303, 304, 306, 312, 316, 319, 320, 321, 324, 327, 333, 335, 336, 337]",163
171,"[0, 1, 5, 6, 7, 8, 9, 12, 13, 17, 19, 21, 22, 26, 30, 31, 32, 34, 35, 36, 39, 40, 41, 42, 43, 45, 46, 47, 49, 53, 54, 60, 62, 63, 65, 66, 68, 71, 72, 74, 77, 79, 80, 82, 83, 84, 86, 88, 89, 91, 92, 95, 96, 97, 99, 100, 101, 102, 104, 106, 107, 108, 109, 110, 114, 115, 116, 120, 123, 125, 126, 131, 133, 135, 136, 137, 138, 139, 143, 144, 145, 147, 151, 152, 159, 160, 161, 162, 163, 164, 165, 166, 167, 171, 173, 175, 178, 179, 180, 182, 183, 190, 193, 194, 195, 196, 198, 199, 201, 203, 204, 205, 207, 208, 209, 212, 213, 214, 218, 221, 222, 224, 225, 226, 229, 230, 231, 232, 233, 234, 237, 238, 239, 241, 242, 243, 245, 247, 249, 256, 257, 258, 259, 263, 266, 268, 270, 272, 275, 293, 294, 295, 297, 300, 305, 307, 308, 309, 310, 311, 313, 314, 315, 317, 318, 322, 323, 325, 326, 328, 329, 330, 331, 332, 334, 338]",176
172,"[2, 3, 4, 10, 11, 14, 15, 16, 18, 20, 23, 24, 25, 27, 28, 29, 33, 37, 38, 44, 48, 50, 51, 52, 55, 56, 57, 58, 59, 61, 64, 67, 69, 70, 73, 75, 76, 78, 81, 85, 87, 90, 93, 94, 98, 103, 105, 111, 112, 113, 117, 118, 119, 121, 122, 124, 127, 128, 129, 130, 132, 134, 140, 141, 142, 146, 148, 149, 150, 153, 154, 155, 156, 157, 158, 168, 169, 170, 172, 174, 176, 177, 181, 184, 185, 186, 187, 188, 189, 191, 192, 197, 200, 202, 206, 210, 211, 215, 216, 217, 219, 220, 223, 227, 228, 235, 236, 240, 244, 246, 248, 250, 251, 252, 253, 254, 255, 260, 261, 262, 264, 265, 267, 269, 271, 273, 274, 276, 277, 278, 279, 280, 281, 282, 283, 284, 285, 286, 287, 288, 289, 290, 291, 292, 296, 298, 299, 301, 302, 303, 304, 306, 312, 316, 319, 320, 321, 324, 327, 333, 335, 336, 337]",163
173,"[0, 1, 5, 6, 7, 8, 9, 12, 13, 17, 19, 21, 22, 26, 30, 31, 32, 34, 35, 36, 39, 40, 41, 42, 43, 45, 46, 47, 49, 53, 54, 60, 62, 63, 65, 66, 68, 71, 72, 74, 77, 79, 80, 82, 83, 84, 86, 88, 89, 91, 92, 95, 96, 97, 99, 100, 101, 102, 104, 106, 107, 108, 109, 110, 114, 115, 116, 120, 123, 125, 126, 131, 133, 135, 136, 137, 138, 139, 143, 144, 145, 147, 151, 152, 159, 160, 161, 162, 163, 164, 165, 166, 167, 171, 173, 175, 178, 179, 180, 182, 183, 190, 193, 194, 195, 196, 198, 199, 201, 203, 204, 205, 207, 208, 209, 212, 213, 214, 218, 221, 222, 224, 225, 226, 229, 230, 231, 232, 233, 234, 237, 238, 239, 241, 242, 243, 245, 247, 249, 256, 257, 258, 259, 263, 266, 268, 270, 272, 275, 293, 294, 295, 297, 300, 305, 307, 308, 309, 310, 311, 313, 314, 315, 317, 318, 322, 323, 325, 326, 328, 329, 330, 331, 332, 334, 338]",176
174,"[2, 3, 4, 10, 11, 14, 15, 16, 18, 20, 23, 24, 25, 27, 28, 29, 33, 37, 38, 44, 48, 50, 51, 52, 55, 56, 57, 58, 59, 61, 64, 67, 69, 70, 73, 75, 76, 78, 81, 85, 87, 90, 93, 94, 98, 103, 105, 111, 112, 113, 117, 118, 119, 121, 122, 124, 127, 128, 129, 130, 132, 134, 140, 141, 142, 146, 148, 149, 150, 153, 154, 155, 156, 157, 158, 168, 169, 170, 172, 174, 176, 177, 181, 184, 185, 186, 187, 188, 189, 191, 192, 197, 200, 202, 206, 210, 211, 215, 216, 217, 219, 220, 223, 227, 228, 235, 236, 240, 244, 246, 248, 250, 251, 252, 253, 254, 255, 260, 261, 262, 264, 265, 267, 269, 271, 273, 274, 276, 277, 278, 279, 280, 281, 282, 283, 284, 285, 286, 287, 288, 289, 290, 291, 292, 296, 298, 299, 301, 302, 303, 304, 306, 312, 316, 319, 320, 321, 324, 327, 333, 335, 336, 337]",163
175,"[0, 1, 5, 6, 7, 8, 9, 12, 13, 17, 19, 21, 22, 26, 30, 31, 32, 34, 35, 36, 39, 40, 41, 42, 43, 45, 46, 47, 49, 53, 54, 60, 62, 63, 65, 66, 68, 71, 72, 74, 77, 79, 80, 82, 83, 84, 86, 88, 89, 91, 92, 95, 96, 97, 99, 100, 101, 102, 104, 106, 107, 108, 109, 110, 114, 115, 116, 120, 123, 125, 126, 131, 133, 135, 136, 137, 138, 139, 143, 144, 145, 147, 151, 152, 159, 160, 161, 162, 163, 164, 165, 166, 167, 171, 173, 175, 178, 179, 180, 182, 183, 190, 193, 194, 195, 196, 198, 199, 201, 203, 204, 205, 207, 208, 209, 212, 213, 214, 218, 221, 222, 224, 225, 226, 229, 230, 231, 232, 233, 234, 237, 238, 239, 241, 242, 243, 245, 247, 249, 256, 257, 258, 259, 263, 266, 268, 270, 272, 275, 293, 294, 295, 297, 300, 305, 307, 308, 309, 310, 311, 313, 314, 315, 317, 318, 322, 323, 325, 326, 328, 329, 330, 331, 332, 334, 338]",176
176,"[2, 3, 4, 10, 11, 14, 15, 16, 18, 20, 23, 24, 25, 27, 28, 29, 33, 37, 38, 44, 48, 50, 51, 52, 55, 56, 57, 58, 59, 61, 64, 67, 69, 70, 73, 75, 76, 78, 81, 85, 87, 90, 93, 94, 98, 103, 105, 111, 112, 113, 117, 118, 119, 121, 122, 124, 127, 128, 129, 130, 132, 134, 140, 141, 142, 146, 148, 149, 150, 153, 154, 155, 156, 157, 158, 168, 169, 170, 172, 174, 176, 177, 181, 184, 185, 186, 187, 188, 189, 191, 192, 197, 200, 202, 206, 210, 211, 215, 216, 217, 219, 220, 223, 227, 228, 235, 236, 240, 244, 246, 248, 250, 251, 252, 253, 254, 255, 260, 261, 262, 264, 265, 267, 269, 271, 273, 274, 276, 277, 278, 279, 280, 281, 282, 283, 284, 285, 286, 287, 288, 289, 290, 291, 292, 296, 298, 299, 301, 302, 303, 304, 306, 312, 316, 319, 320, 321, 324, 327, 333, 335, 336, 337]",163
177,"[0, 1, 5, 6, 7, 8, 9, 12, 13, 17, 19, 21, 22, 26, 30, 31, 32, 34, 35, 36, 39, 40, 41, 42, 43, 45, 46, 47, 49, 53, 54, 60, 62, 63, 65, 66, 68, 71, 72, 74, 77, 79, 80, 82, 83, 84, 86, 88, 89, 91, 92, 95, 96, 97, 99, 100, 101, 102, 104, 106, 107, 108, 109, 110, 114, 115, 116, 120, 123, 125, 126, 131, 133, 135, 136, 137, 138, 139, 143, 144, 145, 147, 151, 152, 159, 160, 161, 162, 163, 164, 165, 166, 167, 171, 173, 175, 178, 179, 180, 182, 183, 190, 193, 194, 195, 196, 198, 199, 201, 203, 204, 205, 207, 208, 209, 212, 213, 214, 218, 221, 222, 224, 225, 226, 229, 230, 231, 232, 233, 234, 237, 238, 239, 241, 242, 243, 245, 247, 249, 256, 257, 258, 259, 263, 266, 268, 270, 272, 275, 293, 294, 295, 297, 300, 305, 307, 308, 309, 310, 311, 313, 314, 315, 317, 318, 322, 323, 325, 326, 328, 329, 330, 331, 332, 334, 338]",176
178,"[2, 3, 4, 10, 11, 14, 15, 16, 18, 20, 23, 24, 25, 27, 28, 29, 33, 37, 38, 44, 48, 50, 51, 52, 55, 56, 57, 58, 59, 61, 64, 67, 69, 70, 73, 75, 76, 78, 81, 85, 87, 90, 93, 94, 98, 103, 105, 111, 112, 113, 117, 118, 119, 121, 122, 124, 127, 128, 129, 130, 132, 134, 140, 141, 142, 146, 148, 149, 150, 153, 154, 155, 156, 157, 158, 168, 169, 170, 172, 174, 176, 177, 181, 184, 185, 186, 187, 188, 189, 191, 192, 197, 200, 202, 206, 210, 211, 215, 216, 217, 219, 220, 223, 227, 228, 235, 236, 240, 244, 246, 248, 250, 251, 252, 253, 254, 255, 260, 261, 262, 264, 265, 267, 269, 271, 273, 274, 276, 277, 278, 279, 280, 281, 282, 283, 284, 285, 286, 287, 288, 289, 290, 291, 292, 296, 298, 299, 301, 302, 303, 304, 306, 312, 316, 319, 320, 321, 324, 327, 333, 335, 336, 337]",163
179,"[2, 3, 4, 10, 11, 14, 15, 16, 18, 20, 23, 24, 25, 27, 28, 29, 33, 37, 38, 44, 48, 50, 51, 52, 55, 56, 57, 58, 59, 61, 64, 67, 69, 70, 73, 75, 76, 78, 81, 85, 87, 90, 93, 94, 98, 103, 105, 111, 112, 113, 117, 118, 119, 121, 122, 124, 127, 128, 129, 130, 132, 134, 140, 141, 142, 146, 148, 149, 150, 153, 154, 155, 156, 157, 158, 168, 169, 170, 172, 174, 176, 177, 181, 184, 185, 186, 187, 188, 189, 191, 192, 197, 200, 202, 206, 210, 211, 215, 216, 217, 219, 220, 223, 227, 228, 235, 236, 240, 244, 246, 248, 250, 251, 252, 253, 254, 255, 260, 261, 262, 264, 265, 267, 269, 271, 273, 274, 276, 277, 278, 279, 280, 281, 282, 283, 284, 285, 286, 287, 288, 289, 290, 291, 292, 296, 298, 299, 301, 302, 303, 304, 306, 312, 316, 319, 320, 321, 324, 327, 333, 335, 336, 337]",163
180,"[0, 1, 5, 6, 7, 8, 9, 12, 13, 17, 19, 21, 22, 26, 30, 31, 32, 34, 35, 36, 39, 40, 41, 42, 43, 45, 46, 47, 49, 53, 54, 60, 62, 63, 65, 66, 68, 71, 72, 74, 77, 79, 80, 82, 83, 84, 86, 88, 89, 91, 92, 95, 96, 97, 99, 100, 101, 102, 104, 106, 107, 108, 109, 110, 114, 115, 116, 120, 123, 125, 126, 131, 133, 135, 136, 137, 138, 139, 143, 144, 145, 147, 151, 152, 159, 160, 161, 162, 163, 164, 165, 166, 167, 171, 173, 175, 178, 179, 180, 182, 183, 190, 193, 194, 195, 196, 198, 199, 201, 203, 204, 205, 207, 208, 209, 212, 213, 214, 218, 221, 222, 224, 225, 226, 229, 230, 231, 232, 233, 234, 237, 238, 239, 241, 242, 243, 245, 247, 249, 256, 257, 258, 259, 263, 266, 268, 270, 272, 275, 293, 294, 295, 297, 300, 305, 307, 308, 309, 310, 311, 313, 314, 315, 317, 318, 322, 323, 325, 326, 328, 329, 330, 331, 332, 334, 338]",176
181,"[2, 3, 4, 10, 11, 14, 15, 16, 18, 20, 23, 24, 25, 27, 28, 29, 33, 37, 38, 44, 48, 50, 51, 52, 55, 56, 57, 58, 59, 61, 64, 67, 69, 70, 73, 75, 76, 78, 81, 85, 87, 90, 93, 94, 98, 103, 105, 111, 112, 113, 117, 118, 119, 121, 122, 124, 127, 128, 129, 130, 132, 134, 140, 141, 142, 146, 148, 149, 150, 153, 154, 155, 156, 157, 158, 168, 169, 170, 172, 174, 176, 177, 181, 184, 185, 186, 187, 188, 189, 191, 192, 197, 200, 202, 206, 210, 211, 215, 216, 217, 219, 220, 223, 227, 228, 235, 236, 240, 244, 246, 248, 250, 251, 252, 253, 254, 255, 260, 261, 262, 264, 265, 267, 269, 271, 273, 274, 276, 277, 278, 279, 280, 281, 282, 283, 284, 285, 286, 287, 288, 289, 290, 291, 292, 296, 298, 299, 301, 302, 303, 304, 306, 312, 316, 319, 320, 321, 324, 327, 333, 335, 336, 337]",163
182,"[2, 3, 4, 10, 11, 14, 15, 16, 18, 20, 23, 24, 25, 27, 28, 29, 33, 37, 38, 44, 48, 50, 51, 52, 55, 56, 57, 58, 59, 61, 64, 67, 69, 70, 73, 75, 76, 78, 81, 85, 87, 90, 93, 94, 98, 103, 105, 111, 112, 113, 117, 118, 119, 121, 122, 124, 127, 128, 129, 130, 132, 134, 140, 141, 142, 146, 148, 149, 150, 153, 154, 155, 156, 157, 158, 168, 169, 170, 172, 174, 176, 177, 181, 184, 185, 186, 187, 188, 189, 191, 192, 197, 200, 202, 206, 210, 211, 215, 216, 217, 219, 220, 223, 227, 228, 235, 236, 240, 244, 246, 248, 250, 251, 252, 253, 254, 255, 260, 261, 262, 264, 265, 267, 269, 271, 273, 274, 276, 277, 278, 279, 280, 281, 282, 283, 284, 285, 286, 287, 288, 289, 290, 291, 292, 296, 298, 299, 301, 302, 303, 304, 306, 312, 316, 319, 320, 321, 324, 327, 333, 335, 336, 337]",163
183,"[0, 1, 5, 6, 7, 8, 9, 12, 13, 17, 19, 21, 22, 26, 30, 31, 32, 34, 35, 36, 39, 40, 41, 42, 43, 45, 46, 47, 49, 53, 54, 60, 62, 63, 65, 66, 68, 71, 72, 74, 77, 79, 80, 82, 83, 84, 86, 88, 89, 91, 92, 95, 96, 97, 99, 100, 101, 102, 104, 106, 107, 108, 109, 110, 114, 115, 116, 120, 123, 125, 126, 131, 133, 135, 136, 137, 138, 139, 143, 144, 145, 147, 151, 152, 159, 160, 161, 162, 163, 164, 165, 166, 167, 171, 173, 175, 178, 179, 180, 182, 183, 190, 193, 194, 195, 196, 198, 199, 201, 203, 204, 205, 207, 208, 209, 212, 213, 214, 218, 221, 222, 224, 225, 226, 229, 230, 231, 232, 233, 234, 237, 238, 239, 241, 242, 243, 245, 247, 249, 256, 257, 258, 259, 263, 266, 268, 270, 272, 275, 293, 294, 295, 297, 300, 305, 307, 308, 309, 310, 311, 313, 314, 315, 317, 318, 322, 323, 325, 326, 328, 329, 330, 331, 332, 334, 338]",176
184,"[2, 3, 4, 10, 11, 14, 15, 16, 18, 20, 23, 24, 25, 27, 28, 29, 33, 37, 38, 44, 48, 50, 51, 52, 55, 56, 57, 58, 59, 61, 64, 67, 69, 70, 73, 75, 76, 78, 81, 85, 87, 90, 93, 94, 98, 103, 105, 111, 112, 113, 117, 118, 119, 121, 122, 124, 127, 128, 129, 130, 132, 134, 140, 141, 142, 146, 148, 149, 150, 153, 154, 155, 156, 157, 158, 168, 169, 170, 172, 174, 176, 177, 181, 184, 185, 186, 187, 188, 189, 191, 192, 197, 200, 202, 206, 210, 211, 215, 216, 217, 219, 220, 223, 227, 228, 235, 236, 240, 244, 246, 248, 250, 251, 252, 253, 254, 255, 260, 261, 262, 264, 265, 267, 269, 271, 273, 274, 276, 277, 278, 279, 280, 281, 282, 283, 284, 285, 286, 287, 288, 289, 290, 291, 292, 296, 298, 299, 301, 302, 303, 304, 306, 312, 316, 319, 320, 321, 324, 327, 333, 335, 336, 337]",163
185,"[0, 1, 5, 6, 7, 8, 9, 12, 13, 17, 19, 21, 22, 26, 30, 31, 32, 34, 35, 36, 39, 40, 41, 42, 43, 45, 46, 47, 49, 53, 54, 60, 62, 63, 65, 66, 68, 71, 72, 74, 77, 79, 80, 82, 83, 84, 86, 88, 89, 91, 92, 95, 96, 97, 99, 100, 101, 102, 104, 106, 107, 108, 109, 110, 114, 115, 116, 120, 123, 125, 126, 131, 133, 135, 136, 137, 138, 139, 143, 144, 145, 147, 151, 152, 159, 160, 161, 162, 163, 164, 165, 166, 167, 171, 173, 175, 178, 179, 180, 182, 183, 190, 193, 194, 195, 196, 198, 199, 201, 203, 204, 205, 207, 208, 209, 212, 213, 214, 218, 221, 222, 224, 225, 226, 229, 230, 231, 232, 233, 234, 237, 238, 239, 241, 242, 243, 245, 247, 249, 256, 257, 258, 259, 263, 266, 268, 270, 272, 275, 293, 294, 295, 297, 300, 305, 307, 308, 309, 310, 311, 313, 314, 315, 317, 318, 322, 323, 325, 326, 328, 329, 330, 331, 332, 334, 338]",176
186,"[2, 3, 4, 10, 11, 14, 15, 16, 18, 20, 23, 24, 25, 27, 28, 29, 33, 37, 38, 44, 48, 50, 51, 52, 55, 56, 57, 58, 59, 61, 64, 67, 69, 70, 73, 75, 76, 78, 81, 85, 87, 90, 93, 94, 98, 103, 105, 111, 112, 113, 117, 118, 119, 121, 122, 124, 127, 128, 129, 130, 132, 134, 140, 141, 142, 146, 148, 149, 150, 153, 154, 155, 156, 157, 158, 168, 169, 170, 172, 174, 176, 177, 181, 184, 185, 186, 187, 188, 189, 191, 192, 197, 200, 202, 206, 210, 211, 215, 216, 217, 219, 220, 223, 227, 228, 235, 236, 240, 244, 246, 248, 250, 251, 252, 253, 254, 255, 260, 261, 262, 264, 265, 267, 269, 271, 273, 274, 276, 277, 278, 279, 280, 281, 282, 283, 284, 285, 286, 287, 288, 289, 290, 291, 292, 296, 298, 299, 301, 302, 303, 304, 306, 312, 316, 319, 320, 321, 324, 327, 333, 335, 336, 337]",163
187,"[2, 3, 4, 10, 11, 14, 15, 16, 18, 20, 23, 24, 25, 27, 28, 29, 33, 37, 38, 44, 48, 50, 51, 52, 55, 56, 57, 58, 59, 61, 64, 67, 69, 70, 73, 75, 76, 78, 81, 85, 87, 90, 93, 94, 98, 103, 105, 111, 112, 113, 117, 118, 119, 121, 122, 124, 127, 128, 129, 130, 132, 134, 140, 141, 142, 146, 148, 149, 150, 153, 154, 155, 156, 157, 158, 168, 169, 170, 172, 174, 176, 177, 181, 184, 185, 186, 187, 188, 189, 191, 192, 197, 200, 202, 206, 210, 211, 215, 216, 217, 219, 220, 223, 227, 228, 235, 236, 240, 244, 246, 248, 250, 251, 252, 253, 254, 255, 260, 261, 262, 264, 265, 267, 269, 271, 273, 274, 276, 277, 278, 279, 280, 281, 282, 283, 284, 285, 286, 287, 288, 289, 290, 291, 292, 296, 298, 299, 301, 302, 303, 304, 306, 312, 316, 319, 320, 321, 324, 327, 333, 335, 336, 337]",163
188,"[2, 3, 4, 10, 11, 14, 15, 16, 18, 20, 23, 24, 25, 27, 28, 29, 33, 37, 38, 44, 48, 50, 51, 52, 55, 56, 57, 58, 59, 61, 64, 67, 69, 70, 73, 75, 76, 78, 81, 85, 87, 90, 93, 94, 98, 103, 105, 111, 112, 113, 117, 118, 119, 121, 122, 124, 127, 128, 129, 130, 132, 134, 140, 141, 142, 146, 148, 149, 150, 153, 154, 155, 156, 157, 158, 168, 169, 170, 172, 174, 176, 177, 181, 184, 185, 186, 187, 188, 189, 191, 192, 197, 200, 202, 206, 210, 211, 215, 216, 217, 219, 220, 223, 227, 228, 235, 236, 240, 244, 246, 248, 250, 251, 252, 253, 254, 255, 260, 261, 262, 264, 265, 267, 269, 271, 273, 274, 276, 277, 278, 279, 280, 281, 282, 283, 284, 285, 286, 287, 288, 289, 290, 291, 292, 296, 298, 299, 301, 302, 303, 304, 306, 312, 316, 319, 320, 321, 324, 327, 333, 335, 336, 337]",163
189,"[2, 3, 4, 10, 11, 14, 15, 16, 18, 20, 23, 24, 25, 27, 28, 29, 33, 37, 38, 44, 48, 50, 51, 52, 55, 56, 57, 58, 59, 61, 64, 67, 69, 70, 73, 75, 76, 78, 81, 85, 87, 90, 93, 94, 98, 103, 105, 111, 112, 113, 117, 118, 119, 121, 122, 124, 127, 128, 129, 130, 132, 134, 140, 141, 142, 146, 148, 149, 150, 153, 154, 155, 156, 157, 158, 168, 169, 170, 172, 174, 176, 177, 181, 184, 185, 186, 187, 188, 189, 191, 192, 197, 200, 202, 206, 210, 211, 215, 216, 217, 219, 220, 223, 227, 228, 235, 236, 240, 244, 246, 248, 250, 251, 252, 253, 254, 255, 260, 261, 262, 264, 265, 267, 269, 271, 273, 274, 276, 277, 278, 279, 280, 281, 282, 283, 284, 285, 286, 287, 288, 289, 290, 291, 292, 296, 298, 299, 301, 302, 303, 304, 306, 312, 316, 319, 320, 321, 324, 327, 333, 335, 336, 337]",163
190,"[2, 3, 4, 10, 11, 14, 15, 16, 18, 20, 23, 24, 25, 27, 28, 29, 33, 37, 38, 44, 48, 50, 51, 52, 55, 56, 57, 58, 59, 61, 64, 67, 69, 70, 73, 75, 76, 78, 81, 85, 87, 90, 93, 94, 98, 103, 105, 111, 112, 113, 117, 118, 119, 121, 122, 124, 127, 128, 129, 130, 132, 134, 140, 141, 142, 146, 148, 149, 150, 153, 154, 155, 156, 157, 158, 168, 169, 170, 172, 174, 176, 177, 181, 184, 185, 186, 187, 188, 189, 191, 192, 197, 200, 202, 206, 210, 211, 215, 216, 217, 219, 220, 223, 227, 228, 235, 236, 240, 244, 246, 248, 250, 251, 252, 253, 254, 255, 260, 261, 262, 264, 265, 267, 269, 271, 273, 274, 276, 277, 278, 279, 280, 281, 282, 283, 284, 285, 286, 287, 288, 289, 290, 291, 292, 296, 298, 299, 301, 302, 303, 304, 306, 312, 316, 319, 320, 321, 324, 327, 333, 335, 336, 337]",163
191,"[0, 1, 5, 6, 7, 8, 9, 12, 13, 17, 19, 21, 22, 26, 30, 31, 32, 34, 35, 36, 39, 40, 41, 42, 43, 45, 46, 47, 49, 53, 54, 60, 62, 63, 65, 66, 68, 71, 72, 74, 77, 79, 80, 82, 83, 84, 86, 88, 89, 91, 92, 95, 96, 97, 99, 100, 101, 102, 104, 106, 107, 108, 109, 110, 114, 115, 116, 120, 123, 125, 126, 131, 133, 135, 136, 137, 138, 139, 143, 144, 145, 147, 151, 152, 159, 160, 161, 162, 163, 164, 165, 166, 167, 171, 173, 175, 178, 179, 180, 182, 183, 190, 193, 194, 195, 196, 198, 199, 201, 203, 204, 205, 207, 208, 209, 212, 213, 214, 218, 221, 222, 224, 225, 226, 229, 230, 231, 232, 233, 234, 237, 238, 239, 241, 242, 243, 245, 247, 249, 256, 257, 258, 259, 263, 266, 268, 270, 272, 275, 293, 294, 295, 297, 300, 305, 307, 308, 309, 310, 311, 313, 314, 315, 317, 318, 322, 323, 325, 326, 328, 329, 330, 331, 332, 334, 338]",176
192,"[2, 3, 4, 10, 11, 14, 15, 16, 18, 20, 23, 24, 25, 27, 28, 29, 33, 37, 38, 44, 48, 50, 51, 52, 55, 56, 57, 58, 59, 61, 64, 67, 69, 70, 73, 75, 76, 78, 81, 85, 87, 90, 93, 94, 98, 103, 105, 111, 112, 113, 117, 118, 119, 121, 122, 124, 127, 128, 129, 130, 132, 134, 140, 141, 142, 146, 148, 149, 150, 153, 154, 155, 156, 157, 158, 168, 169, 170, 172, 174, 176, 177, 181, 184, 185, 186, 187, 188, 189, 191, 192, 197, 200, 202, 206, 210, 211, 215, 216, 217, 219, 220, 223, 227, 228, 235, 236, 240, 244, 246, 248, 250, 251, 252, 253, 254, 255, 260, 261, 262, 264, 265, 267, 269, 271, 273, 274, 276, 277, 278, 279, 280, 281, 282, 283, 284, 285, 286, 287, 288, 289, 290, 291, 292, 296, 298, 299, 301, 302, 303, 304, 306, 312, 316, 319, 320, 321, 324, 327, 333, 335, 336, 337]",163
193,"[2, 3, 4, 10, 11, 14, 15, 16, 18, 20, 23, 24, 25, 27, 28, 29, 33, 37, 38, 44, 48, 50, 51, 52, 55, 56, 57, 58, 59, 61, 64, 67, 69, 70, 73, 75, 76, 78, 81, 85, 87, 90, 93, 94, 98, 103, 105, 111, 112, 113, 117, 118, 119, 121, 122, 124, 127, 128, 129, 130, 132, 134, 140, 141, 142, 146, 148, 149, 150, 153, 154, 155, 156, 157, 158, 168, 169, 170, 172, 174, 176, 177, 181, 184, 185, 186, 187, 188, 189, 191, 192, 197, 200, 202, 206, 210, 211, 215, 216, 217, 219, 220, 223, 227, 228, 235, 236, 240, 244, 246, 248, 250, 251, 252, 253, 254, 255, 260, 261, 262, 264, 265, 267, 269, 271, 273, 274, 276, 277, 278, 279, 280, 281, 282, 283, 284, 285, 286, 287, 288, 289, 290, 291, 292, 296, 298, 299, 301, 302, 303, 304, 306, 312, 316, 319, 320, 321, 324, 327, 333, 335, 336, 337]",163
194,"[2, 3, 4, 10, 11, 14, 15, 16, 18, 20, 23, 24, 25, 27, 28, 29, 33, 37, 38, 44, 48, 50, 51, 52, 55, 56, 57, 58, 59, 61, 64, 67, 69, 70, 73, 75, 76, 78, 81, 85, 87, 90, 93, 94, 98, 103, 105, 111, 112, 113, 117, 118, 119, 121, 122, 124, 127, 128, 129, 130, 132, 134, 140, 141, 142, 146, 148, 149, 150, 153, 154, 155, 156, 157, 158, 168, 169, 170, 172, 174, 176, 177, 181, 184, 185, 186, 187, 188, 189, 191, 192, 197, 200, 202, 206, 210, 211, 215, 216, 217, 219, 220, 223, 227, 228, 235, 236, 240, 244, 246, 248, 250, 251, 252, 253, 254, 255, 260, 261, 262, 264, 265, 267, 269, 271, 273, 274, 276, 277, 278, 279, 280, 281, 282, 283, 284, 285, 286, 287, 288, 289, 290, 291, 292, 296, 298, 299, 301, 302, 303, 304, 306, 312, 316, 319, 320, 321, 324, 327, 333, 335, 336, 337]",163
195,"[2, 3, 4, 10, 11, 14, 15, 16, 18, 20, 23, 24, 25, 27, 28, 29, 33, 37, 38, 44, 48, 50, 51, 52, 55, 56, 57, 58, 59, 61, 64, 67, 69, 70, 73, 75, 76, 78, 81, 85, 87, 90, 93, 94, 98, 103, 105, 111, 112, 113, 117, 118, 119, 121, 122, 124, 127, 128, 129, 130, 132, 134, 140, 141, 142, 146, 148, 149, 150, 153, 154, 155, 156, 157, 158, 168, 169, 170, 172, 174, 176, 177, 181, 184, 185, 186, 187, 188, 189, 191, 192, 197, 200, 202, 206, 210, 211, 215, 216, 217, 219, 220, 223, 227, 228, 235, 236, 240, 244, 246, 248, 250, 251, 252, 253, 254, 255, 260, 261, 262, 264, 265, 267, 269, 271, 273, 274, 276, 277, 278, 279, 280, 281, 282, 283, 284, 285, 286, 287, 288, 289, 290, 291, 292, 296, 298, 299, 301, 302, 303, 304, 306, 312, 316, 319, 320, 321, 324, 327, 333, 335, 336, 337]",163
196,"[2, 3, 4, 10, 11, 14, 15, 16, 18, 20, 23, 24, 25, 27, 28, 29, 33, 37, 38, 44, 48, 50, 51, 52, 55, 56, 57, 58, 59, 61, 64, 67, 69, 70, 73, 75, 76, 78, 81, 85, 87, 90, 93, 94, 98, 103, 105, 111, 112, 113, 117, 118, 119, 121, 122, 124, 127, 128, 129, 130, 132, 134, 140, 141, 142, 146, 148, 149, 150, 153, 154, 155, 156, 157, 158, 168, 169, 170, 172, 174, 176, 177, 181, 184, 185, 186, 187, 188, 189, 191, 192, 197, 200, 202, 206, 210, 211, 215, 216, 217, 219, 220, 223, 227, 228, 235, 236, 240, 244, 246, 248, 250, 251, 252, 253, 254, 255, 260, 261, 262, 264, 265, 267, 269, 271, 273, 274, 276, 277, 278, 279, 280, 281, 282, 283, 284, 285, 286, 287, 288, 289, 290, 291, 292, 296, 298, 299, 301, 302, 303, 304, 306, 312, 316, 319, 320, 321, 324, 327, 333, 335, 336, 337]",163
197,"[0, 1, 5, 6, 7, 8, 9, 12, 13, 17, 19, 21, 22, 26, 30, 31, 32, 34, 35, 36, 39, 40, 41, 42, 43, 45, 46, 47, 49, 53, 54, 60, 62, 63, 65, 66, 68, 71, 72, 74, 77, 79, 80, 82, 83, 84, 86, 88, 89, 91, 92, 95, 96, 97, 99, 100, 101, 102, 104, 106, 107, 108, 109, 110, 114, 115, 116, 120, 123, 125, 126, 131, 133, 135, 136, 137, 138, 139, 143, 144, 145, 147, 151, 152, 159, 160, 161, 162, 163, 164, 165, 166, 167, 171, 173, 175, 178, 179, 180, 182, 183, 190, 193, 194, 195, 196, 198, 199, 201, 203, 204, 205, 207, 208, 209, 212, 213, 214, 218, 221, 222, 224, 225, 226, 229, 230, 231, 232, 233, 234, 237, 238, 239, 241, 242, 243, 245, 247, 249, 256, 257, 258, 259, 263, 266, 268, 270, 272, 275, 293, 294, 295, 297, 300, 305, 307, 308, 309, 310, 311, 313, 314, 315, 317, 318, 322, 323, 325, 326, 328, 329, 330, 331, 332, 334, 338]",176
198,"[0, 1, 5, 6, 7, 8, 9, 12, 13, 17, 19, 21, 22, 26, 30, 31, 32, 34, 35, 36, 39, 40, 41, 42, 43, 45, 46, 47, 49, 53, 54, 60, 62, 63, 65, 66, 68, 71, 72, 74, 77, 79, 80, 82, 83, 84, 86, 88, 89, 91, 92, 95, 96, 97, 99, 100, 101, 102, 104, 106, 107, 108, 109, 110, 114, 115, 116, 120, 123, 125, 126, 131, 133, 135, 136, 137, 138, 139, 143, 144, 145, 147, 151, 152, 159, 160, 161, 162, 163, 164, 165, 166, 167, 171, 173, 175, 178, 179, 180, 182, 183, 190, 193, 194, 195, 196, 198, 199, 201, 203, 204, 205, 207, 208, 209, 212, 213, 214, 218, 221, 222, 224, 225, 226, 229, 230, 231, 232, 233, 234, 237, 238, 239, 241, 242, 243, 245, 247, 249, 256, 257, 258, 259, 263, 266, 268, 270, 272, 275, 293, 294, 295, 297, 300, 305, 307, 308, 309, 310, 311, 313, 314, 315, 317, 318, 322, 323, 325, 326, 328, 329, 330, 331, 332, 334, 338]",176
199,"[0, 1, 5, 6, 7, 8, 9, 12, 13, 17, 19, 21, 22, 26, 30, 31, 32, 34, 35, 36, 39, 40, 41, 42, 43, 45, 46, 47, 49, 53, 54, 60, 62, 63, 65, 66, 68, 71, 72, 74, 77, 79, 80, 82, 83, 84, 86, 88, 89, 91, 92, 95, 96, 97, 99, 100, 101, 102, 104, 106, 107, 108, 109, 110, 114, 115, 116, 120, 123, 125, 126, 131, 133, 135, 136, 137, 138, 139, 143, 144, 145, 147, 151, 152, 159, 160, 161, 162, 163, 164, 165, 166, 167, 171, 173, 175, 178, 179, 180, 182, 183, 190, 193, 194, 195, 196, 198, 199, 201, 203, 204, 205, 207, 208, 209, 212, 213, 214, 218, 221, 222, 224, 225, 226, 229, 230, 231, 232, 233, 234, 237, 238, 239, 241, 242, 243, 245, 247, 249, 256, 257, 258, 259, 263, 266, 268, 270, 272, 275, 293, 294, 295, 297, 300, 305, 307, 308, 309, 310, 311, 313, 314, 315, 317, 318, 322, 323, 325, 326, 328, 329, 330, 331, 332, 334, 338]",176
200,"[0, 1, 5, 6, 7, 8, 9, 12, 13, 17, 19, 21, 22, 26, 30, 31, 32, 34, 35, 36, 39, 40, 41, 42, 43, 45, 46, 47, 49, 53, 54, 60, 62, 63, 65, 66, 68, 71, 72, 74, 77, 79, 80, 82, 83, 84, 86, 88, 89, 91, 92, 95, 96, 97, 99, 100, 101, 102, 104, 106, 107, 108, 109, 110, 114, 115, 116, 120, 123, 125, 126, 131, 133, 135, 136, 137, 138, 139, 143, 144, 145, 147, 151, 152, 159, 160, 161, 162, 163, 164, 165, 166, 167, 171, 173, 175, 178, 179, 180, 182, 183, 190, 193, 194, 195, 196, 198, 199, 201, 203, 204, 205, 207, 208, 209, 212, 213, 214, 218, 221, 222, 224, 225, 226, 229, 230, 231, 232, 233, 234, 237, 238, 239, 241, 242, 243, 245, 247, 249, 256, 257, 258, 259, 263, 266, 268, 270, 272, 275, 293, 294, 295, 297, 300, 305, 307, 308, 309, 310, 311, 313, 314, 315, 317, 318, 322, 323, 325, 326, 328, 329, 330, 331, 332, 334, 338]",176
201,"[2, 3, 4, 10, 11, 14, 15, 16, 18, 20, 23, 24, 25, 27, 28, 29, 33, 37, 38, 44, 48, 50, 51, 52, 55, 56, 57, 58, 59, 61, 64, 67, 69, 70, 73, 75, 76, 78, 81, 85, 87, 90, 93, 94, 98, 103, 105, 111, 112, 113, 117, 118, 119, 121, 122, 124, 127, 128, 129, 130, 132, 134, 140, 141, 142, 146, 148, 149, 150, 153, 154, 155, 156, 157, 158, 168, 169, 170, 172, 174, 176, 177, 181, 184, 185, 186, 187, 188, 189, 191, 192, 197, 200, 202, 206, 210, 211, 215, 216, 217, 219, 220, 223, 227, 228, 235, 236, 240, 244, 246, 248, 250, 251, 252, 253, 254, 255, 260, 261, 262, 264, 265, 267, 269, 271, 273, 274, 276, 277, 278, 279, 280, 281, 282, 283, 284, 285, 286, 287, 288, 289, 290, 291, 292, 296, 298, 299, 301, 302, 303, 304, 306, 312, 316, 319, 320, 321, 324, 327, 333, 335, 336, 337]",163
202,"[0, 1, 5, 6, 7, 8, 9, 12, 13, 17, 19, 21, 22, 26, 30, 31, 32, 34, 35, 36, 39, 40, 41, 42, 43, 45, 46, 47, 49, 53, 54, 60, 62, 63, 65, 66, 68, 71, 72, 74, 77, 79, 80, 82, 83, 84, 86, 88, 89, 91, 92, 95, 96, 97, 99, 100, 101, 102, 104, 106, 107, 108, 109, 110, 114, 115, 116, 120, 123, 125, 126, 131, 133, 135, 136, 137, 138, 139, 143, 144, 145, 147, 151, 152, 159, 160, 161, 162, 163, 164, 165, 166, 167, 171, 173, 175, 178, 179, 180, 182, 183, 190, 193, 194, 195, 196, 198, 199, 201, 203, 204, 205, 207, 208, 209, 212, 213, 214, 218, 221, 222, 224, 225, 226, 229, 230, 231, 232, 233, 234, 237, 238, 239, 241, 242, 243, 245, 247, 249, 256, 257, 258, 259, 263, 266, 268, 270, 272, 275, 293, 294, 295, 297, 300, 305, 307, 308, 309, 310, 311, 313, 314, 315, 317, 318, 322, 323, 325, 326, 328, 329, 330, 331, 332, 334, 338]",176
203,"[2, 3, 4, 10, 11, 14, 15, 16, 18, 20, 23, 24, 25, 27, 28, 29, 33, 37, 38, 44, 48, 50, 51, 52, 55, 56, 57, 58, 59, 61, 64, 67, 69, 70, 73, 75, 76, 78, 81, 85, 87, 90, 93, 94, 98, 103, 105, 111, 112, 113, 117, 118, 119, 121, 122, 124, 127, 128, 129, 130, 132, 134, 140, 141, 142, 146, 148, 149, 150, 153, 154, 155, 156, 157, 158, 168, 169, 170, 172, 174, 176, 177, 181, 184, 185, 186, 187, 188, 189, 191, 192, 197, 200, 202, 206, 210, 211, 215, 216, 217, 219, 220, 223, 227, 228, 235, 236, 240, 244, 246, 248, 250, 251, 252, 253, 254, 255, 260, 261, 262, 264, 265, 267, 269, 271, 273, 274, 276, 277, 278, 279, 280, 281, 282, 283, 284, 285, 286, 287, 288, 289, 290, 291, 292, 296, 298, 299, 301, 302, 303, 304, 306, 312, 316, 319, 320, 321, 324, 327, 333, 335, 336, 337]",163
204,"[0, 1, 5, 6, 7, 8, 9, 12, 13, 17, 19, 21, 22, 26, 30, 31, 32, 34, 35, 36, 39, 40, 41, 42, 43, 45, 46, 47, 49, 53, 54, 60, 62, 63, 65, 66, 68, 71, 72, 74, 77, 79, 80, 82, 83, 84, 86, 88, 89, 91, 92, 95, 96, 97, 99, 100, 101, 102, 104, 106, 107, 108, 109, 110, 114, 115, 116, 120, 123, 125, 126, 131, 133, 135, 136, 137, 138, 139, 143, 144, 145, 147, 151, 152, 159, 160, 161, 162, 163, 164, 165, 166, 167, 171, 173, 175, 178, 179, 180, 182, 183, 190, 193, 194, 195, 196, 198, 199, 201, 203, 204, 205, 207, 208, 209, 212, 213, 214, 218, 221, 222, 224, 225, 226, 229, 230, 231, 232, 233, 234, 237, 238, 239, 241, 242, 243, 245, 247, 249, 256, 257, 258, 259, 263, 266, 268, 270, 272, 275, 293, 294, 295, 297, 300, 305, 307, 308, 309, 310, 311, 313, 314, 315, 317, 318, 322, 323, 325, 326, 328, 329, 330, 331, 332, 334, 338]",176
205,"[2, 3, 4, 10, 11, 14, 15, 16, 18, 20, 23, 24, 25, 27, 28, 29, 33, 37, 38, 44, 48, 50, 51, 52, 55, 56, 57, 58, 59, 61, 64, 67, 69, 70, 73, 75, 76, 78, 81, 85, 87, 90, 93, 94, 98, 103, 105, 111, 112, 113, 117, 118, 119, 121, 122, 124, 127, 128, 129, 130, 132, 134, 140, 141, 142, 146, 148, 149, 150, 153, 154, 155, 156, 157, 158, 168, 169, 170, 172, 174, 176, 177, 181, 184, 185, 186, 187, 188, 189, 191, 192, 197, 200, 202, 206, 210, 211, 215, 216, 217, 219, 220, 223, 227, 228, 235, 236, 240, 244, 246, 248, 250, 251, 252, 253, 254, 255, 260, 261, 262, 264, 265, 267, 269, 271, 273, 274, 276, 277, 278, 279, 280, 281, 282, 283, 284, 285, 286, 287, 288, 289, 290, 291, 292, 296, 298, 299, 301, 302, 303, 304, 306, 312, 316, 319, 320, 321, 324, 327, 333, 335, 336, 337]",163
206,"[0, 1, 5, 6, 7, 8, 9, 12, 13, 17, 19, 21, 22, 26, 30, 31, 32, 34, 35, 36, 39, 40, 41, 42, 43, 45, 46, 47, 49, 53, 54, 60, 62, 63, 65, 66, 68, 71, 72, 74, 77, 79, 80, 82, 83, 84, 86, 88, 89, 91, 92, 95, 96, 97, 99, 100, 101, 102, 104, 106, 107, 108, 109, 110, 114, 115, 116, 120, 123, 125, 126, 131, 133, 135, 136, 137, 138, 139, 143, 144, 145, 147, 151, 152, 159, 160, 161, 162, 163, 164, 165, 166, 167, 171, 173, 175, 178, 179, 180, 182, 183, 190, 193, 194, 195, 196, 198, 199, 201, 203, 204, 205, 207, 208, 209, 212, 213, 214, 218, 221, 222, 224, 225, 226, 229, 230, 231, 232, 233, 234, 237, 238, 239, 241, 242, 243, 245, 247, 249, 256, 257, 258, 259, 263, 266, 268, 270, 272, 275, 293, 294, 295, 297, 300, 305, 307, 308, 309, 310, 311, 313, 314, 315, 317, 318, 322, 323, 325, 326, 328, 329, 330, 331, 332, 334, 338]",176
207,"[0, 1, 5, 6, 7, 8, 9, 12, 13, 17, 19, 21, 22, 26, 30, 31, 32, 34, 35, 36, 39, 40, 41, 42, 43, 45, 46, 47, 49, 53, 54, 60, 62, 63, 65, 66, 68, 71, 72, 74, 77, 79, 80, 82, 83, 84, 86, 88, 89, 91, 92, 95, 96, 97, 99, 100, 101, 102, 104, 106, 107, 108, 109, 110, 114, 115, 116, 120, 123, 125, 126, 131, 133, 135, 136, 137, 138, 139, 143, 144, 145, 147, 151, 152, 159, 160, 161, 162, 163, 164, 165, 166, 167, 171, 173, 175, 178, 179, 180, 182, 183, 190, 193, 194, 195, 196, 198, 199, 201, 203, 204, 205, 207, 208, 209, 212, 213, 214, 218, 221, 222, 224, 225, 226, 229, 230, 231, 232, 233, 234, 237, 238, 239, 241, 242, 243, 245, 247, 249, 256, 257, 258, 259, 263, 266, 268, 270, 272, 275, 293, 294, 295, 297, 300, 305, 307, 308, 309, 310, 311, 313, 314, 315, 317, 318, 322, 323, 325, 326, 328, 329, 330, 331, 332, 334, 338]",176
208,"[0, 1, 5, 6, 7, 8, 9, 12, 13, 17, 19, 21, 22, 26, 30, 31, 32, 34, 35, 36, 39, 40, 41, 42, 43, 45, 46, 47, 49, 53, 54, 60, 62, 63, 65, 66, 68, 71, 72, 74, 77, 79, 80, 82, 83, 84, 86, 88, 89, 91, 92, 95, 96, 97, 99, 100, 101, 102, 104, 106, 107, 108, 109, 110, 114, 115, 116, 120, 123, 125, 126, 131, 133, 135, 136, 137, 138, 139, 143, 144, 145, 147, 151, 152, 159, 160, 161, 162, 163, 164, 165, 166, 167, 171, 173, 175, 178, 179, 180, 182, 183, 190, 193, 194, 195, 196, 198, 199, 201, 203, 204, 205, 207, 208, 209, 212, 213, 214, 218, 221, 222, 224, 225, 226, 229, 230, 231, 232, 233, 234, 237, 238, 239, 241, 242, 243, 245, 247, 249, 256, 257, 258, 259, 263, 266, 268, 270, 272, 275, 293, 294, 295, 297, 300, 305, 307, 308, 309, 310, 311, 313, 314, 315, 317, 318, 322, 323, 325, 326, 328, 329, 330, 331, 332, 334, 338]",176
209,"[0, 1, 5, 6, 7, 8, 9, 12, 13, 17, 19, 21, 22, 26, 30, 31, 32, 34, 35, 36, 39, 40, 41, 42, 43, 45, 46, 47, 49, 53, 54, 60, 62, 63, 65, 66, 68, 71, 72, 74, 77, 79, 80, 82, 83, 84, 86, 88, 89, 91, 92, 95, 96, 97, 99, 100, 101, 102, 104, 106, 107, 108, 109, 110, 114, 115, 116, 120, 123, 125, 126, 131, 133, 135, 136, 137, 138, 139, 143, 144, 145, 147, 151, 152, 159, 160, 161, 162, 163, 164, 165, 166, 167, 171, 173, 175, 178, 179, 180, 182, 183, 190, 193, 194, 195, 196, 198, 199, 201, 203, 204, 205, 207, 208, 209, 212, 213, 214, 218, 221, 222, 224, 225, 226, 229, 230, 231, 232, 233, 234, 237, 238, 239, 241, 242, 243, 245, 247, 249, 256, 257, 258, 259, 263, 266, 268, 270, 272, 275, 293, 294, 295, 297, 300, 305, 307, 308, 309, 310, 311, 313, 314, 315, 317, 318, 322, 323, 325, 326, 328, 329, 330, 331, 332, 334, 338]",176
210,"[2, 3, 4, 10, 11, 14, 15, 16, 18, 20, 23, 24, 25, 27, 28, 29, 33, 37, 38, 44, 48, 50, 51, 52, 55, 56, 57, 58, 59, 61, 64, 67, 69, 70, 73, 75, 76, 78, 81, 85, 87, 90, 93, 94, 98, 103, 105, 111, 112, 113, 117, 118, 119, 121, 122, 124, 127, 128, 129, 130, 132, 134, 140, 141, 142, 146, 148, 149, 150, 153, 154, 155, 156, 157, 158, 168, 169, 170, 172, 174, 176, 177, 181, 184, 185, 186, 187, 188, 189, 191, 192, 197, 200, 202, 206, 210, 211, 215, 216, 217, 219, 220, 223, 227, 228, 235, 236, 240, 244, 246, 248, 250, 251, 252, 253, 254, 255, 260, 261, 262, 264, 265, 267, 269, 271, 273, 274, 276, 277, 278, 279, 280, 281, 282, 283, 284, 285, 286, 287, 288, 289, 290, 291, 292, 296, 298, 299, 301, 302, 303, 304, 306, 312, 316, 319, 320, 321, 324, 327, 333, 335, 336, 337]",163
211,"[0, 1, 5, 6, 7, 8, 9, 12, 13, 17, 19, 21, 22, 26, 30, 31, 32, 34, 35, 36, 39, 40, 41, 42, 43, 45, 46, 47, 49, 53, 54, 60, 62, 63, 65, 66, 68, 71, 72, 74, 77, 79, 80, 82, 83, 84, 86, 88, 89, 91, 92, 95, 96, 97, 99, 100, 101, 102, 104, 106, 107, 108, 109, 110, 114, 115, 116, 120, 123, 125, 126, 131, 133, 135, 136, 137, 138, 139, 143, 144, 145, 147, 151, 152, 159, 160, 161, 162, 163, 164, 165, 166, 167, 171, 173, 175, 178, 179, 180, 182, 183, 190, 193, 194, 195, 196, 198, 199, 201, 203, 204, 205, 207, 208, 209, 212, 213, 214, 218, 221, 222, 224, 225, 226, 229, 230, 231, 232, 233, 234, 237, 238, 239, 241, 242, 243, 245, 247, 249, 256, 257, 258, 259, 263, 266, 268, 270, 272, 275, 293, 294, 295, 297, 300, 305, 307, 308, 309, 310, 311, 313, 314, 315, 317, 318, 322, 323, 325, 326, 328, 329, 330, 331, 332, 334, 338]",176
212,"[2, 3, 4, 10, 11, 14, 15, 16, 18, 20, 23, 24, 25, 27, 28, 29, 33, 37, 38, 44, 48, 50, 51, 52, 55, 56, 57, 58, 59, 61, 64, 67, 69, 70, 73, 75, 76, 78, 81, 85, 87, 90, 93, 94, 98, 103, 105, 111, 112, 113, 117, 118, 119, 121, 122, 124, 127, 128, 129, 130, 132, 134, 140, 141, 142, 146, 148, 149, 150, 153, 154, 155, 156, 157, 158, 168, 169, 170, 172, 174, 176, 177, 181, 184, 185, 186, 187, 188, 189, 191, 192, 197, 200, 202, 206, 210, 211, 215, 216, 217, 219, 220, 223, 227, 228, 235, 236, 240, 244, 246, 248, 250, 251, 252, 253, 254, 255, 260, 261, 262, 264, 265, 267, 269, 271, 273, 274, 276, 277, 278, 279, 280, 281, 282, 283, 284, 285, 286, 287, 288, 289, 290, 291, 292, 296, 298, 299, 301, 302, 303, 304, 306, 312, 316, 319, 320, 321, 324, 327, 333, 335, 336, 337]",163
213,"[0, 1, 5, 6, 7, 8, 9, 12, 13, 17, 19, 21, 22, 26, 30, 31, 32, 34, 35, 36, 39, 40, 41, 42, 43, 45, 46, 47, 49, 53, 54, 60, 62, 63, 65, 66, 68, 71, 72, 74, 77, 79, 80, 82, 83, 84, 86, 88, 89, 91, 92, 95, 96, 97, 99, 100, 101, 102, 104, 106, 107, 108, 109, 110, 114, 115, 116, 120, 123, 125, 126, 131, 133, 135, 136, 137, 138, 139, 143, 144, 145, 147, 151, 152, 159, 160, 161, 162, 163, 164, 165, 166, 167, 171, 173, 175, 178, 179, 180, 182, 183, 190, 193, 194, 195, 196, 198, 199, 201, 203, 204, 205, 207, 208, 209, 212, 213, 214, 218, 221, 222, 224, 225, 226, 229, 230, 231, 232, 233, 234, 237, 238, 239, 241, 242, 243, 245, 247, 249, 256, 257, 258, 259, 263, 266, 268, 270, 272, 275, 293, 294, 295, 297, 300, 305, 307, 308, 309, 310, 311, 313, 314, 315, 317, 318, 322, 323, 325, 326, 328, 329, 330, 331, 332, 334, 338]",176
214,"[0, 1, 5, 6, 7, 8, 9, 12, 13, 17, 19, 21, 22, 26, 30, 31, 32, 34, 35, 36, 39, 40, 41, 42, 43, 45, 46, 47, 49, 53, 54, 60, 62, 63, 65, 66, 68, 71, 72, 74, 77, 79, 80, 82, 83, 84, 86, 88, 89, 91, 92, 95, 96, 97, 99, 100, 101, 102, 104, 106, 107, 108, 109, 110, 114, 115, 116, 120, 123, 125, 126, 131, 133, 135, 136, 137, 138, 139, 143, 144, 145, 147, 151, 152, 159, 160, 161, 162, 163, 164, 165, 166, 167, 171, 173, 175, 178, 179, 180, 182, 183, 190, 193, 194, 195, 196, 198, 199, 201, 203, 204, 205, 207, 208, 209, 212, 213, 214, 218, 221, 222, 224, 225, 226, 229, 230, 231, 232, 233, 234, 237, 238, 239, 241, 242, 243, 245, 247, 249, 256, 257, 258, 259, 263, 266, 268, 270, 272, 275, 293, 294, 295, 297, 300, 305, 307, 308, 309, 310, 311, 313, 314, 315, 317, 318, 322, 323, 325, 326, 328, 329, 330, 331, 332, 334, 338]",176
215,"[0, 1, 5, 6, 7, 8, 9, 12, 13, 17, 19, 21, 22, 26, 30, 31, 32, 34, 35, 36, 39, 40, 41, 42, 43, 45, 46, 47, 49, 53, 54, 60, 62, 63, 65, 66, 68, 71, 72, 74, 77, 79, 80, 82, 83, 84, 86, 88, 89, 91, 92, 95, 96, 97, 99, 100, 101, 102, 104, 106, 107, 108, 109, 110, 114, 115, 116, 120, 123, 125, 126, 131, 133, 135, 136, 137, 138, 139, 143, 144, 145, 147, 151, 152, 159, 160, 161, 162, 163, 164, 165, 166, 167, 171, 173, 175, 178, 179, 180, 182, 183, 190, 193, 194, 195, 196, 198, 199, 201, 203, 204, 205, 207, 208, 209, 212, 213, 214, 218, 221, 222, 224, 225, 226, 229, 230, 231, 232, 233, 234, 237, 238, 239, 241, 242, 243, 245, 247, 249, 256, 257, 258, 259, 263, 266, 268, 270, 272, 275, 293, 294, 295, 297, 300, 305, 307, 308, 309, 310, 311, 313, 314, 315, 317, 318, 322, 323, 325, 326, 328, 329, 330, 331, 332, 334, 338]",176
216,"[2, 3, 4, 10, 11, 14, 15, 16, 18, 20, 23, 24, 25, 27, 28, 29, 33, 37, 38, 44, 48, 50, 51, 52, 55, 56, 57, 58, 59, 61, 64, 67, 69, 70, 73, 75, 76, 78, 81, 85, 87, 90, 93, 94, 98, 103, 105, 111, 112, 113, 117, 118, 119, 121, 122, 124, 127, 128, 129, 130, 132, 134, 140, 141, 142, 146, 148, 149, 150, 153, 154, 155, 156, 157, 158, 168, 169, 170, 172, 174, 176, 177, 181, 184, 185, 186, 187, 188, 189, 191, 192, 197, 200, 202, 206, 210, 211, 215, 216, 217, 219, 220, 223, 227, 228, 235, 236, 240, 244, 246, 248, 250, 251, 252, 253, 254, 255, 260, 261, 262, 264, 265, 267, 269, 271, 273, 274, 276, 277, 278, 279, 280, 281, 282, 283, 284, 285, 286, 287, 288, 289, 290, 291, 292, 296, 298, 299, 301, 302, 303, 304, 306, 312, 316, 319, 320, 321, 324, 327, 333, 335, 336, 337]",163
217,"[2, 3, 4, 10, 11, 14, 15, 16, 18, 20, 23, 24, 25, 27, 28, 29, 33, 37, 38, 44, 48, 50, 51, 52, 55, 56, 57, 58, 59, 61, 64, 67, 69, 70, 73, 75, 76, 78, 81, 85, 87, 90, 93, 94, 98, 103, 105, 111, 112, 113, 117, 118, 119, 121, 122, 124, 127, 128, 129, 130, 132, 134, 140, 141, 142, 146, 148, 149, 150, 153, 154, 155, 156, 157, 158, 168, 169, 170, 172, 174, 176, 177, 181, 184, 185, 186, 187, 188, 189, 191, 192, 197, 200, 202, 206, 210, 211, 215, 216, 217, 219, 220, 223, 227, 228, 235, 236, 240, 244, 246, 248, 250, 251, 252, 253, 254, 255, 260, 261, 262, 264, 265, 267, 269, 271, 273, 274, 276, 277, 278, 279, 280, 281, 282, 283, 284, 285, 286, 287, 288, 289, 290, 291, 292, 296, 298, 299, 301, 302, 303, 304, 306, 312, 316, 319, 320, 321, 324, 327, 333, 335, 336, 337]",163
218,"[0, 1, 5, 6, 7, 8, 9, 12, 13, 17, 19, 21, 22, 26, 30, 31, 32, 34, 35, 36, 39, 40, 41, 42, 43, 45, 46, 47, 49, 53, 54, 60, 62, 63, 65, 66, 68, 71, 72, 74, 77, 79, 80, 82, 83, 84, 86, 88, 89, 91, 92, 95, 96, 97, 99, 100, 101, 102, 104, 106, 107, 108, 109, 110, 114, 115, 116, 120, 123, 125, 126, 131, 133, 135, 136, 137, 138, 139, 143, 144, 145, 147, 151, 152, 159, 160, 161, 162, 163, 164, 165, 166, 167, 171, 173, 175, 178, 179, 180, 182, 183, 190, 193, 194, 195, 196, 198, 199, 201, 203, 204, 205, 207, 208, 209, 212, 213, 214, 218, 221, 222, 224, 225, 226, 229, 230, 231, 232, 233, 234, 237, 238, 239, 241, 242, 243, 245, 247, 249, 256, 257, 258, 259, 263, 266, 268, 270, 272, 275, 293, 294, 295, 297, 300, 305, 307, 308, 309, 310, 311, 313, 314, 315, 317, 318, 322, 323, 325, 326, 328, 329, 330, 331, 332, 334, 338]",176
